session,wfz,b2_key,local_bytes,in_b2,b2_bytes,b2_uploaded_utc,error
test/2026-02-17/1,Y:\Subjects\test\2026-02-17\1\widefield.wfz,subjects/test/2026-02-17/1/widefield.wfz,505364720,True,505364720,2026-08-06T09:20:22+00:00,
AL_0033/2025-03-17/1,Y:\Subjects\AL_0033\2025-03-17\1\widefield.wfz,subjects/AL_0033/2025-03-17/1/widefield.wfz,682336506,True,682336506,2026-08-05T16:19:39+00:00,
ZYE_0035/2021-07-17/1,Y:\Subjects\ZYE_0035\2021-07-17\1\widefield.wfz,subjects/ZYE_0035/2021-07-17/1/widefield.wfz,721753613,True,721753613,2026-08-06T07:24:59+00:00,
AL_0048/2026-06-11/4,Y:\Subjects\AL_0048\2026-06-11\4\widefield.wfz,subjects/AL_0048/2026-06-11/4/widefield.wfz,1276669694,True,1276669694,2026-08-05T05:14:21+00:00,
Subjects/test/2025-11-04,Y:\Subjects\test\2025-11-04\1.wfz,subjects/test/2025-11-04/1.wfz,1441369072,True,1441369072,2026-08-06T09:07:32+00:00,
default/2025-03-05/3,Y:\Subjects\default\2025-03-05\3\widefield.wfz,subjects/default/2025-03-05/3/widefield.wfz,1860513193,True,1860513193,2026-08-06T09:13:27+00:00,
test/2025-11-05/1,Y:\Subjects\test\2025-11-05\1\1.wfz,subjects/test/2025-11-05/1/1.wfz,4193621602,True,4193621602,2026-08-06T09:07:48+00:00,
AL_0033/2025-02-24/3,Y:\Subjects\AL_0033\2025-02-24\3\3.wfz,subjects/AL_0033/2025-02-24/3/3.wfz,6001539791,True,6001539791,2026-08-05T16:12:17+00:00,
ZYE_0008/2020-07-25/1,Y:\Subjects\ZYE_0008\2020-07-25\1\widefield.wfz,subjects/ZYE_0008/2020-07-25/1/widefield.wfz,8870590325,True,8870590325,2026-08-06T06:35:34+00:00,
SM_0001/2020-09-03/1,Y:\Subjects\SM_0001\2020-09-03\1\widefield.wfz,subjects/SM_0001/2020-09-03/1/widefield.wfz,12918583663,True,12918583663,2026-08-06T03:04:45+00:00,
AL_0023/2023-05-15/5,Y:\Subjects\AL_0023\2023-05-15\5\widefield.wfz,subjects/AL_0023/2023-05-15/5/widefield.wfz,13216733344,True,13216733344,2026-08-05T05:08:51+00:00,
ZYE_0007/2020-07-29/1,Y:\Subjects\ZYE_0007\2020-07-29\1\widefield.wfz,subjects/ZYE_0007/2020-07-29/1/widefield.wfz,14704817866,True,14704817866,2026-08-06T06:35:58+00:00,
ZYE_0046/2021-11-27/2,Y:\Subjects\ZYE_0046\2021-11-27\2\widefield.wfz,subjects/ZYE_0046/2021-11-27/2/widefield.wfz,192366063076,True,192366063076,2026-08-06T07:37:09+00:00,
AL_0033/2025-01-17/1,\\sahale.biostr.washington.edu\data\Subjects\AL_0033\2025-01-17\1\widefield.wfz,subjects/AL_0033/2025-01-17/1/widefield.wfz,122923655024,True,122923655024,2026-08-05T16:08:55+00:00,
ZYE_0069/2023-11-20/1,\\sahale.biostr.washington.edu\data\Subjects\ZYE_0069\2023-11-20\1\widefield.wfz,subjects/ZYE_0069/2023-11-20/1/widefield.wfz,130299116292,True,130299116292,2026-08-06T07:38:38+00:00,
AL_0033/2025-06-08/2,\\sahale.biostr.washington.edu\data\Subjects\AL_0033\2025-06-08\2\widefield.wfz,subjects/AL_0033/2025-06-08/2/widefield.wfz,121988449690,True,121988449690,2026-08-05T23:01:49+00:00,
AL_0033/2025-06-06/3,\\sahale.biostr.washington.edu\data\Subjects\AL_0033\2025-06-06\3\widefield.wfz,subjects/AL_0033/2025-06-06/3/widefield.wfz,127552796550,True,127552796550,2026-08-05T16:58:21+00:00,
AL_0039/2025-04-26/1,\\sahale.biostr.washington.edu\data\Subjects\AL_0039\2025-04-26\1\widefield.wfz,subjects/AL_0039/2025-04-26/1/widefield.wfz,131702309610,True,131702309610,2026-08-05T05:16:31+00:00,
AL_0033/2025-04-28/1,\\sahale.biostr.washington.edu\data\Subjects\AL_0033\2025-04-28\1\widefield.wfz,subjects/AL_0033/2025-04-28/1/widefield.wfz,129788354030,True,129788354030,2026-08-05T16:37:20+00:00,
ZYE_0046/2021-11-29/1,\\sahale.biostr.washington.edu\data\Subjects\ZYE_0046\2021-11-29\1\widefield.wfz,subjects/ZYE_0046/2021-11-29/1/widefield.wfz,155571900071,True,155571900071,2026-08-06T07:37:50+00:00,
AB_0032/2024-04-16/1,\\sahale.biostr.washington.edu\data\Subjects\AB_0032\2024-04-16\1\widefield.wfz,subjects/AB_0032/2024-04-16/1/widefield.wfz,145981130097,True,145981130097,2026-08-05T05:12:40+00:00,
AL_0033/2025-03-03/2,\\sahale.biostr.washington.edu\data\Subjects\AL_0033\2025-03-03\2\widefield.wfz,subjects/AL_0033/2025-03-03/2/widefield.wfz,112440590229,True,112440590229,2026-08-05T16:17:51+00:00,
AL_0033/2025-06-07/3,\\sahale.biostr.washington.edu\data\Subjects\AL_0033\2025-06-07\3\widefield.wfz,subjects/AL_0033/2025-06-07/3/widefield.wfz,116864674076,True,116864674076,2026-08-05T17:00:35+00:00,
AL_0041/2026-05-27/1,\\sahale.biostr.washington.edu\data\Subjects\AL_0041\2026-05-27\1\widefield.wfz,subjects/AL_0041/2026-05-27/1/widefield.wfz,103444599577,True,103444599577,2026-08-05T16:16:11+00:00,
LK_0003/2021-05-21/3,\\sahale.biostr.washington.edu\data\Subjects\LK_0003\2021-05-21\3\widefield.wfz,subjects/LK_0003/2021-05-21/3/widefield.wfz,118495014848,True,118495014848,2026-08-05T23:09:28+00:00,
ZYE_0012/2020-12-03/1,\\sahale.biostr.washington.edu\data\Subjects\ZYE_0012\2020-12-03\1\widefield.wfz,subjects/ZYE_0012/2020-12-03/1/widefield.wfz,125116891125,True,125116891125,2026-08-06T06:44:58+00:00,
LK_0001/2021-04-06/2,\\sahale.biostr.washington.edu\data\Subjects\LK_0001\2021-04-06\2\widefield.wfz,subjects/LK_0001/2021-04-06/2/widefield.wfz,132876272972,True,132876272972,2026-08-05T21:16:58+00:00,
ZYE_0069/2023-08-17/5,\\sahale.biostr.washington.edu\data\Subjects\ZYE_0069\2023-08-17\5\widefield.wfz,subjects/ZYE_0069/2023-08-17/5/widefield.wfz,115728777689,True,115728777689,2026-08-06T07:39:53+00:00,
LK_0001/2021-04-07/1,\\sahale.biostr.washington.edu\data\Subjects\LK_0001\2021-04-07\1\widefield.wfz,subjects/LK_0001/2021-04-07/1/widefield.wfz,126112644720,True,126112644720,2026-08-05T21:16:11+00:00,
AL_0033/2025-04-18/4,\\sahale.biostr.washington.edu\data\Subjects\AL_0033\2025-04-18\4\widefield.wfz,subjects/AL_0033/2025-04-18/4/widefield.wfz,101477536803,True,101477536803,2026-08-07T21:27:03+00:00,
AL_0033/2024-07-12/1,\\sahale.biostr.washington.edu\data\Subjects\AL_0033\2024-07-12\1\widefield.wfz,subjects/AL_0033/2024-07-12/1/widefield.wfz,104451825215,True,104451825215,2026-08-08T01:13:09+00:00,
AL_0033/2025-01-21/1,\\sahale.biostr.washington.edu\data\Subjects\AL_0033\2025-01-21\1\widefield.wfz,subjects/AL_0033/2025-01-21/1/widefield.wfz,103769452226,True,103769452226,2026-08-07T16:22:45+00:00,
AL_0048/2026-07-10/3,\\sahale.biostr.washington.edu\data\Subjects\AL_0048\2026-07-10\3\widefield.wfz,subjects/AL_0048/2026-07-10/3/widefield.wfz,99197475690,True,99197475690,2026-08-07T01:02:56+00:00,
ZYE_0058/2022-03-09/1,\\sahale.biostr.washington.edu\data\Subjects\ZYE_0058\2022-03-09\1\widefield.wfz,subjects/ZYE_0058/2022-03-09/1/widefield.wfz,113769903627,True,113769903627,2026-08-06T07:39:36+00:00,
AL_0039/2025-04-28/1,\\sahale.biostr.washington.edu\data\Subjects\AL_0039\2025-04-28\1\widefield.wfz,subjects/AL_0039/2025-04-28/1/widefield.wfz,110332315819,True,110332315819,2026-08-07T00:49:08+00:00,
AB_0032/2024-06-28/1,\\sahale.biostr.washington.edu\data\Subjects\AB_0032\2024-06-28\1\widefield.wfz,subjects/AB_0032/2024-06-28/1/widefield.wfz,115379509534,True,115379509534,2026-08-07T19:58:47+00:00,
AL_0041/2026-05-26/1,\\sahale.biostr.washington.edu\data\Subjects\AL_0041\2026-05-26\1\widefield.wfz,subjects/AL_0041/2026-05-26/1/widefield.wfz,93744301772,True,93744301772,2026-08-07T17:16:05+00:00,
AB_0032/2024-07-24/1,\\sahale.biostr.washington.edu\data\Subjects\AB_0032\2024-07-24\1\widefield.wfz,subjects/AB_0032/2024-07-24/1/widefield.wfz,108934842267,True,108934842267,2026-08-07T00:51:21+00:00,
AL_0033/2025-04-30/1,\\sahale.biostr.washington.edu\data\Subjects\AL_0033\2025-04-30\1\widefield.wfz,subjects/AL_0033/2025-04-30/1/widefield.wfz,100105219900,True,100105219900,2026-08-10T22:25:20+00:00,
AL_0035/2025-04-24/1,\\sahale.biostr.washington.edu\data\Subjects\AL_0035\2025-04-24\1\widefield.wfz,subjects/AL_0035/2025-04-24/1/widefield.wfz,102843430840,True,102843430840,2026-08-07T00:51:41+00:00,
AL_0033/2025-01-29/1,\\sahale.biostr.washington.edu\data\Subjects\AL_0033\2025-01-29\1\widefield.wfz,subjects/AL_0033/2025-01-29/1/widefield.wfz,101523992747,True,101523992747,2026-08-07T16:37:27+00:00,
ZYE_0058/2022-01-31/1,\\sahale.biostr.washington.edu\data\Subjects\ZYE_0058\2022-01-31\1\widefield.wfz,subjects/ZYE_0058/2022-01-31/1/widefield.wfz,106119119412,True,106119119412,2026-08-11T01:50:04+00:00,
ZYE_0069/2023-08-24/4,\\sahale.biostr.washington.edu\data\Subjects\ZYE_0069\2023-08-24\4\widefield.wfz,subjects/ZYE_0069/2023-08-24/4/widefield.wfz,108084581329,True,108084581329,2026-08-11T05:55:30+00:00,
ZYE_0057/2022-01-28/1,\\sahale.biostr.washington.edu\data\Subjects\ZYE_0057\2022-01-28\1\widefield.wfz,subjects/ZYE_0057/2022-01-28/1/widefield.wfz,105950720320,True,105950720320,2026-08-11T01:10:44+00:00,
AL_0046/2026-02-22/1,\\sahale.biostr.washington.edu\data\Subjects\AL_0046\2026-02-22\1\widefield.wfz,subjects/AL_0046/2026-02-22/1/widefield.wfz,90569317533,True,90569317533,2026-08-07T00:51:45+00:00,
AL_0039/2025-06-20/3,\\sahale.biostr.washington.edu\data\Subjects\AL_0039\2025-06-20\3\widefield.wfz,subjects/AL_0039/2025-06-20/3/widefield.wfz,96217221427,True,96217221427,2026-08-10T21:02:38+00:00,
AL_0033/2025-01-16/3,\\sahale.biostr.washington.edu\data\Subjects\AL_0033\2025-01-16\3\widefield.wfz,subjects/AL_0033/2025-01-16/3/widefield.wfz,96244698605,True,96244698605,2026-08-10T21:02:16+00:00,
AL_0035/2025-01-08/1,\\sahale.biostr.washington.edu\data\Subjects\AL_0035\2025-01-08\1\widefield.wfz,subjects/AL_0035/2025-01-08/1/widefield.wfz,104623000213,True,104623000213,2026-08-07T00:52:47+00:00,
ZYE_0058/2022-03-10/1,\\sahale.biostr.washington.edu\data\Subjects\ZYE_0058\2022-03-10\1\widefield.wfz,subjects/ZYE_0058/2022-03-10/1/widefield.wfz,105135575699,True,105135575699,2026-08-11T04:56:58+00:00,
ZYE_0058/2022-02-04/1,\\sahale.biostr.washington.edu\data\Subjects\ZYE_0058\2022-02-04\1\widefield.wfz,subjects/ZYE_0058/2022-02-04/1/widefield.wfz,101516309829,True,101516309829,2026-08-11T04:22:16+00:00,
AL_0045/2026-01-30/1,\\sahale.biostr.washington.edu\data\Subjects\AL_0045\2026-01-30\1\widefield.wfz,subjects/AL_0045/2026-01-30/1/widefield.wfz,81766777973,True,81766777973,2026-08-07T00:52:28+00:00,
AL_0033/2025-06-23/1,\\sahale.biostr.washington.edu\data\Subjects\AL_0033\2025-06-23\1\widefield.wfz,subjects/AL_0033/2025-06-23/1/widefield.wfz,88925850844,True,88925850844,2026-08-10T23:18:53+00:00,
ZYE_0058/2022-01-30/1,\\sahale.biostr.washington.edu\data\Subjects\ZYE_0058\2022-01-30\1\widefield.wfz,subjects/ZYE_0058/2022-01-30/1/widefield.wfz,99044019339,True,99044019339,2026-08-11T01:42:00+00:00,
LK_0003/2021-05-20/3,\\sahale.biostr.washington.edu\data\Subjects\LK_0003\2021-05-20\3\widefield.wfz,subjects/LK_0003/2021-05-20/3/widefield.wfz,103503080117,True,103503080117,2026-08-10T23:30:35+00:00,
AL_0039/2025-06-05/1,\\sahale.biostr.washington.edu\data\Subjects\AL_0039\2025-06-05\1\widefield.wfz,subjects/AL_0039/2025-06-05/1/widefield.wfz,92966091452,True,92966091452,2026-08-07T00:53:34+00:00,
AL_0039/2025-06-19/1,\\sahale.biostr.washington.edu\data\Subjects\AL_0039\2025-06-19\1\widefield.wfz,subjects/AL_0039/2025-06-19/1/widefield.wfz,93183732238,True,93183732238,2026-08-10T21:02:35+00:00,
ZYE_0058/2022-02-02/2,\\sahale.biostr.washington.edu\data\Subjects\ZYE_0058\2022-02-02\2\widefield.wfz,subjects/ZYE_0058/2022-02-02/2/widefield.wfz,100870305165,True,100870305165,2026-08-11T04:04:47+00:00,
ZYE_0059/2022-03-14/1,\\sahale.biostr.washington.edu\data\Subjects\ZYE_0059\2022-03-14\1\widefield.wfz,subjects/ZYE_0059/2022-03-14/1/widefield.wfz,103445255389,True,103445255389,2026-08-11T03:42:51+00:00,
ZYE_0009/2020-08-18/1,\\sahale.biostr.washington.edu\data\Subjects\ZYE_0009\2020-08-18\1\widefield.wfz,subjects/ZYE_0009/2020-08-18/1/widefield.wfz,98950145976,True,98950145976,2026-08-10T23:42:11+00:00,
AL_0033/2025-06-18/1,\\sahale.biostr.washington.edu\data\Subjects\AL_0033\2025-06-18\1\widefield.wfz,subjects/AL_0033/2025-06-18/1/widefield.wfz,83664534869,True,83664534869,2026-08-10T22:55:39+00:00,
ZYE_0058/2022-02-01/1,\\sahale.biostr.washington.edu\data\Subjects\ZYE_0058\2022-02-01\1\widefield.wfz,subjects/ZYE_0058/2022-02-01/1/widefield.wfz,102911300987,True,102911300987,2026-08-11T02:55:34+00:00,
ZYE_0085/2024-07-25/3,\\sahale.biostr.washington.edu\data\Subjects\ZYE_0085\2024-07-25\3\widefield.wfz,subjects/ZYE_0085/2024-07-25/3/widefield.wfz,92703762386,True,92703762386,2026-08-11T08:07:47+00:00,
AB_0032/2024-08-14/1,\\sahale.biostr.washington.edu\data\Subjects\AB_0032\2024-08-14\1\widefield.wfz,subjects/AB_0032/2024-08-14/1/widefield.wfz,93748471303,True,93748471303,2026-08-11T22:03:36+00:00,
ZYE_0009/2020-08-17/1,\\sahale.biostr.washington.edu\data\Subjects\ZYE_0009\2020-08-17\1\widefield.wfz,subjects/ZYE_0009/2020-08-17/1/widefield.wfz,98207070777,True,98207070777,2026-08-10T23:39:29+00:00,
AL_0046/2026-02-12/1,\\sahale.biostr.washington.edu\data\Subjects\AL_0046\2026-02-12\1\widefield.wfz,subjects/AL_0046/2026-02-12/1/widefield.wfz,79572518795,True,79572518795,2026-08-12T13:31:19+00:00,
AL_0039/2025-10-03/1,\\sahale.biostr.washington.edu\data\Subjects\AL_0039\2025-10-03\1\widefield.wfz,subjects/AL_0039/2025-10-03/1/widefield.wfz,73752810761,True,73752810761,2026-08-07T16:37:00+00:00,
AL_0023/2023-08-30/1,\\sahale.biostr.washington.edu\data\Subjects\AL_0023\2023-08-30\1\widefield.wfz,subjects/AL_0023/2023-08-30/1/widefield.wfz,95222436473,True,95222436473,2026-08-12T05:50:24+00:00,
LK_0003/2021-04-06/1,\\sahale.biostr.washington.edu\data\Subjects\LK_0003\2021-04-06\1\widefield.wfz,subjects/LK_0003/2021-04-06/1/widefield.wfz,97114576223,True,97114576223,2026-08-10T23:28:25+00:00,
AL_0039/2025-05-13/1,\\sahale.biostr.washington.edu\data\Subjects\AL_0039\2025-05-13\1\widefield.wfz,subjects/AL_0039/2025-05-13/1/widefield.wfz,89498459839,True,89498459839,2026-08-12T21:42:03+00:00,
AL_0039/2025-05-12/1,\\sahale.biostr.washington.edu\data\Subjects\AL_0039\2025-05-12\1\widefield.wfz,subjects/AL_0039/2025-05-12/1/widefield.wfz,88906795786,True,88906795786,2026-08-12T21:43:39+00:00,
AL_0039/2025-06-25/1,\\sahale.biostr.washington.edu\data\Subjects\AL_0039\2025-06-25\1\widefield.wfz,subjects/AL_0039/2025-06-25/1/widefield.wfz,85151734904,True,85151734904,2026-08-13T02:11:36+00:00,
AL_0033/2025-05-12/3,\\sahale.biostr.washington.edu\data\Subjects\AL_0033\2025-05-12\3\widefield.wfz,subjects/AL_0033/2025-05-12/3/widefield.wfz,85369271959,True,85369271959,2026-08-10T22:46:43+00:00,
ZYE_0009/2020-08-30/1,\\sahale.biostr.washington.edu\data\Subjects\ZYE_0009\2020-08-30\1\widefield.wfz,subjects/ZYE_0009/2020-08-30/1/widefield.wfz,91639712045,True,91639712045,2026-08-10T23:52:08+00:00,
AL_0033/2024-09-23/1,\\sahale.biostr.washington.edu\data\Subjects\AL_0033\2024-09-23\1\widefield.wfz,subjects/AL_0033/2024-09-23/1/widefield.wfz,90461735952,True,90461735952,2026-08-12T21:46:23+00:00,
AL_0039/2025-05-14/1,\\sahale.biostr.washington.edu\data\Subjects\AL_0039\2025-05-14\1\widefield.wfz,subjects/AL_0039/2025-05-14/1/widefield.wfz,91876625168,True,91876625168,2026-08-12T21:46:57+00:00,
AL_0033/2024-12-17/1,\\sahale.biostr.washington.edu\data\Subjects\AL_0033\2024-12-17\1\widefield.wfz,subjects/AL_0033/2024-12-17/1/widefield.wfz,91181826996,True,91181826996,2026-08-13T02:12:51+00:00,
ZYE_0085/2024-07-24/1,\\sahale.biostr.washington.edu\data\Subjects\ZYE_0085\2024-07-24\1\widefield.wfz,subjects/ZYE_0085/2024-07-24/1/widefield.wfz,87370529528,True,87370529528,2026-08-11T07:42:01+00:00,
ZYE_0085/2024-07-29/7,\\sahale.biostr.washington.edu\data\Subjects\ZYE_0085\2024-07-29\7\widefield.wfz,subjects/ZYE_0085/2024-07-29/7/widefield.wfz,86460907985,True,86460907985,2026-08-11T08:48:04+00:00,
AL_0033/2024-07-18/1,\\sahale.biostr.washington.edu\data\Subjects\AL_0033\2024-07-18\1\widefield.wfz,subjects/AL_0033/2024-07-18/1/widefield.wfz,87673388684,True,87673388684,2026-08-12T12:58:47+00:00,
AB_0032/2024-05-02/1,\\sahale.biostr.washington.edu\data\Subjects\AB_0032\2024-05-02\1\widefield.wfz,subjects/AB_0032/2024-05-02/1/widefield.wfz,86255371309,True,86255371309,2026-08-11T22:05:18+00:00,
ZYE_0058/2022-01-29/1,\\sahale.biostr.washington.edu\data\Subjects\ZYE_0058\2022-01-29\1\widefield.wfz,subjects/ZYE_0058/2022-01-29/1/widefield.wfz,92549602124,True,92549602124,2026-08-11T01:12:23+00:00,
AL_0033/2024-11-21/1,\\sahale.biostr.washington.edu\data\Subjects\AL_0033\2024-11-21\1\widefield.wfz,subjects/AL_0033/2024-11-21/1/widefield.wfz,87683477207,True,87683477207,2026-08-13T01:49:38+00:00,
AL_0036/2025-01-08/1,\\sahale.biostr.washington.edu\data\Subjects\AL_0036\2025-01-08\1\widefield.wfz,subjects/AL_0036/2025-01-08/1/widefield.wfz,91890037894,True,91890037894,2026-08-12T12:53:14+00:00,
AL_0039/2025-06-18/2,\\sahale.biostr.washington.edu\data\Subjects\AL_0039\2025-06-18\2\widefield.wfz,subjects/AL_0039/2025-06-18/2/widefield.wfz,80933265821,True,80933265821,2026-08-13T02:06:03+00:00,
AL_0039/2025-10-02/1,\\sahale.biostr.washington.edu\data\Subjects\AL_0039\2025-10-02\1\widefield.wfz,subjects/AL_0039/2025-10-02/1/widefield.wfz,102737582949,True,102737582949,2026-08-13T02:57:21+00:00,
AL_0033/2024-08-09/1,\\sahale.biostr.washington.edu\data\Subjects\AL_0033\2024-08-09\1\widefield.wfz,subjects/AL_0033/2024-08-09/1/widefield.wfz,87305399347,True,87305399347,2026-08-12T13:16:37+00:00,
ZYE_0049/2021-12-04/1,\\sahale.biostr.washington.edu\data\Subjects\ZYE_0049\2021-12-04\1\widefield.wfz,subjects/ZYE_0049/2021-12-04/1/widefield.wfz,96260009447,True,96260009447,2026-08-11T03:52:27+00:00,
AL_0033/2024-08-18/1,\\sahale.biostr.washington.edu\data\Subjects\AL_0033\2024-08-18\1\widefield.wfz,subjects/AL_0033/2024-08-18/1/widefield.wfz,84055864052,True,84055864052,2026-08-12T13:34:10+00:00,
ZYE_0049/2021-12-01/2,\\sahale.biostr.washington.edu\data\Subjects\ZYE_0049\2021-12-01\2\widefield.wfz,subjects/ZYE_0049/2021-12-01/2/widefield.wfz,92733745745,True,92733745745,2026-08-11T03:14:35+00:00,
AB_0032/2024-07-29/1,\\sahale.biostr.washington.edu\data\Subjects\AB_0032\2024-07-29\1\widefield.wfz,subjects/AB_0032/2024-07-29/1/widefield.wfz,90634212367,True,90634212367,2026-08-11T22:05:48+00:00,
ZYE_0009/2020-08-15/1,\\sahale.biostr.washington.edu\data\Subjects\ZYE_0009\2020-08-15\1\widefield.wfz,subjects/ZYE_0009/2020-08-15/1/widefield.wfz,88654585848,True,88654585848,2026-08-10T23:36:27+00:00,
AL_0033/2025-02-13/2,\\sahale.biostr.washington.edu\data\Subjects\AL_0033\2025-02-13\2\widefield.wfz,subjects/AL_0033/2025-02-13/2/widefield.wfz,85146418186,True,85146418186,2026-08-13T07:20:33+00:00,
AL_0033/2025-04-03/1,\\sahale.biostr.washington.edu\data\Subjects\AL_0033\2025-04-03\1\widefield.wfz,subjects/AL_0033/2025-04-03/1/widefield.wfz,83070913477,True,83070913477,2026-08-13T10:43:31+00:00,
AL_0039/2025-06-17/1,\\sahale.biostr.washington.edu\data\Subjects\AL_0039\2025-06-17\1\widefield.wfz,subjects/AL_0039/2025-06-17/1/widefield.wfz,81870200196,True,81870200196,2026-08-12T21:48:05+00:00,
AL_0033/2024-09-09/1,\\sahale.biostr.washington.edu\data\Subjects\AL_0033\2024-09-09\1\widefield.wfz,subjects/AL_0033/2024-09-09/1/widefield.wfz,85010438628,True,85010438628,2026-08-12T21:48:29+00:00,
AL_0033/2025-01-18/1,\\sahale.biostr.washington.edu\data\Subjects\AL_0033\2025-01-18\1\widefield.wfz,subjects/AL_0033/2025-01-18/1/widefield.wfz,73954012380,True,73954012380,2026-08-13T02:34:28+00:00,
ZYE_0041/2021-09-02/2,\\sahale.biostr.washington.edu\data\Subjects\ZYE_0041\2021-09-02\2\widefield.wfz,subjects/ZYE_0041/2021-09-02/2/widefield.wfz,87971194094,True,87971194094,2026-08-11T00:38:47+00:00,
AL_0033/2024-07-19/1,\\sahale.biostr.washington.edu\data\Subjects\AL_0033\2024-07-19\1\widefield.wfz,subjects/AL_0033/2024-07-19/1/widefield.wfz,83326587452,True,83326587452,2026-08-12T13:01:01+00:00,
AL_0039/2025-07-03/1,\\sahale.biostr.washington.edu\data\Subjects\AL_0039\2025-07-03\1\widefield.wfz,subjects/AL_0039/2025-07-03/1/widefield.wfz,79419635591,True,79419635591,2026-08-13T02:27:04+00:00,
ZYE_0057/2022-01-30/1,\\sahale.biostr.washington.edu\data\Subjects\ZYE_0057\2022-01-30\1\widefield.wfz,subjects/ZYE_0057/2022-01-30/1/widefield.wfz,88635708134,True,88635708134,2026-08-11T01:48:10+00:00,
AL_0033/2024-06-22/1,\\sahale.biostr.washington.edu\data\Subjects\AL_0033\2024-06-22\1\widefield.wfz,subjects/AL_0033/2024-06-22/1/widefield.wfz,81558255681,True,81558255681,2026-08-11T22:07:53+00:00,
AL_0034/2024-08-13/1,\\sahale.biostr.washington.edu\data\Subjects\AL_0034\2024-08-13\1\widefield.wfz,subjects/AL_0034/2024-08-13/1/widefield.wfz,85792040615,True,85792040615,2026-08-12T12:25:25+00:00,
AL_0033/2025-05-10/1,\\sahale.biostr.washington.edu\data\Subjects\AL_0033\2025-05-10\1\widefield.wfz,subjects/AL_0033/2025-05-10/1/widefield.wfz,79389318430,True,79389318430,2026-08-15T16:29:44+00:00,
AL_0033/2024-08-26/1,\\sahale.biostr.washington.edu\data\Subjects\AL_0033\2024-08-26\1\widefield.wfz,subjects/AL_0033/2024-08-26/1/widefield.wfz,81056923136,True,81056923136,2026-08-12T21:50:02+00:00,
ZYE_0059/2022-03-09/1,\\sahale.biostr.washington.edu\data\Subjects\ZYE_0059\2022-03-09\1\widefield.wfz,subjects/ZYE_0059/2022-03-09/1/widefield.wfz,90813498833,True,90813498833,2026-08-11T03:00:44+00:00,
AL_0032/2024-04-19/1,\\sahale.biostr.washington.edu\data\Subjects\AL_0032\2024-04-19\1\widefield.wfz,subjects/AL_0032/2024-04-19/1/widefield.wfz,80129584131,True,80129584131,2026-08-11T22:08:51+00:00,
AL_0034/2024-08-27/1,\\sahale.biostr.washington.edu\data\Subjects\AL_0034\2024-08-27\1\widefield.wfz,subjects/AL_0034/2024-08-27/1/widefield.wfz,82285347753,True,82285347753,2026-08-12T13:02:01+00:00,
AL_0033/2024-08-23/1,\\sahale.biostr.washington.edu\data\Subjects\AL_0033\2024-08-23\1\widefield.wfz,subjects/AL_0033/2024-08-23/1/widefield.wfz,79578314527,True,79578314527,2026-08-12T21:50:26+00:00,
AL_0034/2024-09-03/1,\\sahale.biostr.washington.edu\data\Subjects\AL_0034\2024-09-03\1\widefield.wfz,subjects/AL_0034/2024-09-03/1/widefield.wfz,84674361220,True,84674361220,2026-08-12T13:31:49+00:00,
ZYE_0046/2021-11-24/1,\\sahale.biostr.washington.edu\data\Subjects\ZYE_0046\2021-11-24\1\widefield.wfz,subjects/ZYE_0046/2021-11-24/1/widefield.wfz,88251027950,True,88251027950,2026-08-11T01:51:13+00:00,
AL_0048/2026-07-15/1,\\sahale.biostr.washington.edu\data\Subjects\AL_0048\2026-07-15\1\widefield.wfz,subjects/AL_0048/2026-07-15/1/widefield.wfz,74082381893,True,74082381893,2026-08-13T02:08:45+00:00,
AL_0033/2024-09-16/1,\\sahale.biostr.washington.edu\data\Subjects\AL_0033\2024-09-16\1\widefield.wfz,subjects/AL_0033/2024-09-16/1/widefield.wfz,81341106681,True,81341106681,2026-08-12T21:50:06+00:00,
AB_0032/2024-04-30/1,\\sahale.biostr.washington.edu\data\Subjects\AB_0032\2024-04-30\1\widefield.wfz,subjects/AB_0032/2024-04-30/1/widefield.wfz,83289731594,True,83289731594,2026-08-11T22:08:51+00:00,
ZYE_0067/2022-10-26/3,\\sahale.biostr.washington.edu\data\Subjects\ZYE_0067\2022-10-26\3\widefield.wfz,subjects/ZYE_0067/2022-10-26/3/widefield.wfz,88181171294,True,88181171294,2026-08-11T05:05:14+00:00,
ZYE_0091/2024-07-13/1,\\sahale.biostr.washington.edu\data\Subjects\ZYE_0091\2024-07-13\1\widefield.wfz,subjects/ZYE_0091/2024-07-13/1/widefield.wfz,77156586633,True,77156586633,2026-08-11T06:51:23+00:00,
AB_0032/2024-08-13/2,\\sahale.biostr.washington.edu\data\Subjects\AB_0032\2024-08-13\2\widefield.wfz,subjects/AB_0032/2024-08-13/2/widefield.wfz,80549036669,True,80549036669,2026-08-11T22:08:16+00:00,
AL_0039/2025-06-26/1,\\sahale.biostr.washington.edu\data\Subjects\AL_0039\2025-06-26\1\widefield.wfz,subjects/AL_0039/2025-06-26/1/widefield.wfz,74665774902,True,74665774902,2026-08-13T02:17:57+00:00,
ZYE_0048/2021-12-07/1,\\sahale.biostr.washington.edu\data\Subjects\ZYE_0048\2021-12-07\1\widefield.wfz,subjects/ZYE_0048/2021-12-07/1/widefield.wfz,84262103754,True,84262103754,2026-08-11T04:46:43+00:00,
AB_0032/2024-06-27/1,\\sahale.biostr.washington.edu\data\Subjects\AB_0032\2024-06-27\1\widefield.wfz,subjects/AB_0032/2024-06-27/1/widefield.wfz,85011481838,True,85011481838,2026-08-11T22:09:26+00:00,
ZYE_0057/2022-01-29/1,\\sahale.biostr.washington.edu\data\Subjects\ZYE_0057\2022-01-29\1\widefield.wfz,subjects/ZYE_0057/2022-01-29/1/widefield.wfz,85772236511,True,85772236511,2026-08-11T01:19:30+00:00,
AB_0026/2024-03-13/1,\\sahale.biostr.washington.edu\data\Subjects\AB_0026\2024-03-13\1\widefield.wfz,subjects/AB_0026/2024-03-13/1/widefield.wfz,83683699319,True,83683699319,2026-08-11T17:18:40+00:00,
AB_0032/2024-03-13/1,\\sahale.biostr.washington.edu\data\Subjects\AB_0032\2024-03-13\1\widefield.wfz,subjects/AB_0032/2024-03-13/1/widefield.wfz,83683699319,True,83683699319,2026-08-11T17:19:04+00:00,
AL_0033/2024-08-24/1,\\sahale.biostr.washington.edu\data\Subjects\AL_0033\2024-08-24\1\widefield.wfz,subjects/AL_0033/2024-08-24/1/widefield.wfz,75640273544,True,75640273544,2026-08-12T21:50:53+00:00,
AL_0039/2025-05-25/1,\\sahale.biostr.washington.edu\data\Subjects\AL_0039\2025-05-25\1\widefield.wfz,subjects/AL_0039/2025-05-25/1/widefield.wfz,79243746762,True,79243746762,2026-08-12T21:51:30+00:00,
ZYE_0009/2020-08-16/1,\\sahale.biostr.washington.edu\data\Subjects\ZYE_0009\2020-08-16\1\widefield.wfz,subjects/ZYE_0009/2020-08-16/1/widefield.wfz,83117802873,True,83117802873,2026-08-10T23:37:57+00:00,
AL_0032/2024-05-15/1,\\sahale.biostr.washington.edu\data\Subjects\AL_0032\2024-05-15\1\widefield.wfz,subjects/AL_0032/2024-05-15/1/widefield.wfz,77942716370,True,77942716370,2026-08-12T12:41:55+00:00,
AL_0033/2025-02-24/2,\\sahale.biostr.washington.edu\data\Subjects\AL_0033\2025-02-24\2\widefield.wfz,subjects/AL_0033/2025-02-24/2/widefield.wfz,75587614645,True,75587614645,2026-08-13T07:28:49+00:00,
AL_0035/2025-04-27/1,\\sahale.biostr.washington.edu\data\Subjects\AL_0035\2025-04-27\1\widefield.wfz,subjects/AL_0035/2025-04-27/1/widefield.wfz,79917312819,True,79917312819,2026-08-12T21:52:09+00:00,
AL_0048/2026-07-21/1,\\sahale.biostr.washington.edu\data\Subjects\AL_0048\2026-07-21\1\widefield.wfz,subjects/AL_0048/2026-07-21/1/widefield.wfz,73531455035,True,73531455035,2026-08-13T02:11:12+00:00,
AL_0033/2025-02-12/2,\\sahale.biostr.washington.edu\data\Subjects\AL_0033\2025-02-12\2\widefield.wfz,subjects/AL_0033/2025-02-12/2/widefield.wfz,75230804757,True,75230804757,2026-08-13T07:14:37+00:00,
AL_0035/2025-01-19/1,\\sahale.biostr.washington.edu\data\Subjects\AL_0035\2025-01-19\1\widefield.wfz,subjects/AL_0035/2025-01-19/1/widefield.wfz,83901202143,True,83901202143,2026-08-12T21:52:55+00:00,
ZYE_0085/2024-07-14/2,\\sahale.biostr.washington.edu\data\Subjects\ZYE_0085\2024-07-14\2\widefield.wfz,subjects/ZYE_0085/2024-07-14/2/widefield.wfz,77677631805,True,77677631805,2026-08-11T07:15:14+00:00,
FD_004/2025-11-17/1,\\sahale.biostr.washington.edu\data\Subjects\FD_004\2025-11-17\1\widefield.wfz,subjects/FD_004/2025-11-17/1/widefield.wfz,43964377439,True,43964377439,2026-08-13T02:40:16+00:00,
ZYE_0052/2021-12-20/1,\\sahale.biostr.washington.edu\data\Subjects\ZYE_0052\2021-12-20\1\widefield.wfz,subjects/ZYE_0052/2021-12-20/1/widefield.wfz,83527645002,True,83527645002,2026-08-11T01:03:06+00:00,
ZYE_0058/2022-03-11/1,\\sahale.biostr.washington.edu\data\Subjects\ZYE_0058\2022-03-11\1\widefield.wfz,subjects/ZYE_0058/2022-03-11/1/widefield.wfz,85039488951,True,85039488951,2026-08-11T05:26:15+00:00,
AB_0032/2024-03-14/1,\\sahale.biostr.washington.edu\data\Subjects\AB_0032\2024-03-14\1\widefield.wfz,subjects/AB_0032/2024-03-14/1/widefield.wfz,80405867355,True,80405867355,2026-08-11T22:10:08+00:00,
AL_0032/2024-06-12/1,\\sahale.biostr.washington.edu\data\Subjects\AL_0032\2024-06-12\1\widefield.wfz,subjects/AL_0032/2024-06-12/1/widefield.wfz,74990806433,True,74990806433,2026-08-12T13:03:22+00:00,
AL_0034/2024-07-25/1,\\sahale.biostr.washington.edu\data\Subjects\AL_0034\2024-07-25\1\widefield.wfz,subjects/AL_0034/2024-07-25/1/widefield.wfz,78799730822,True,78799730822,2026-08-11T22:10:26+00:00,
AL_0039/2025-07-01/1,\\sahale.biostr.washington.edu\data\Subjects\AL_0039\2025-07-01\1\widefield.wfz,subjects/AL_0039/2025-07-01/1/widefield.wfz,72640159655,True,72640159655,2026-08-13T02:23:34+00:00,
AL_0039/2025-05-11/1,\\sahale.biostr.washington.edu\data\Subjects\AL_0039\2025-05-11\1\widefield.wfz,subjects/AL_0039/2025-05-11/1/widefield.wfz,80389751653,True,80389751653,2026-08-12T13:42:04+00:00,
AB_0032/2024-04-25/1,\\sahale.biostr.washington.edu\data\Subjects\AB_0032\2024-04-25\1\widefield.wfz,subjects/AB_0032/2024-04-25/1/widefield.wfz,77410504675,True,77410504675,2026-08-11T22:09:58+00:00,
ZYE_0059/2022-03-16/1,\\sahale.biostr.washington.edu\data\Subjects\ZYE_0059\2022-03-16\1\widefield.wfz,subjects/ZYE_0059/2022-03-16/1/widefield.wfz,81966409414,True,81966409414,2026-08-11T04:42:11+00:00,
ZYE_0045/2021-09-22/1,\\sahale.biostr.washington.edu\data\Subjects\ZYE_0045\2021-09-22\1\widefield.wfz,subjects/ZYE_0045/2021-09-22/1/widefield.wfz,80691064604,True,80691064604,2026-08-15T19:19:20+00:00,
AL_0033/2024-07-09/1,\\sahale.biostr.washington.edu\data\Subjects\AL_0033\2024-07-09\1\widefield.wfz,subjects/AL_0033/2024-07-09/1/widefield.wfz,75977832896,True,75977832896,2026-08-12T12:30:27+00:00,
AL_0038/2025-02-18/1,\\sahale.biostr.washington.edu\data\Subjects\AL_0038\2025-02-18\1\widefield.wfz,subjects/AL_0038/2025-02-18/1/widefield.wfz,69272315337,True,69272315337,2026-08-12T13:00:16+00:00,
AB_0032/2024-04-15/1,\\sahale.biostr.washington.edu\data\Subjects\AB_0032\2024-04-15\1\widefield.wfz,subjects/AB_0032/2024-04-15/1/widefield.wfz,72994129787,True,72994129787,2026-08-11T22:10:35+00:00,
ZYE_0098/2025-07-26/1,\\sahale.biostr.washington.edu\data\Subjects\ZYE_0098\2025-07-26\1\widefield.wfz,subjects/ZYE_0098/2025-07-26/1/widefield.wfz,67212590763,True,67212590763,2026-08-11T06:27:01+00:00,
AL_0039/2025-07-05/2,\\sahale.biostr.washington.edu\data\Subjects\AL_0039\2025-07-05\2\widefield.wfz,subjects/AL_0039/2025-07-05/2/widefield.wfz,71769598696,True,71769598696,2026-08-13T02:29:09+00:00,
AB_0004/2021-03-30/1,\\sahale.biostr.washington.edu\data\Subjects\AB_0004\2021-03-30\1\widefield.wfz,subjects/AB_0004/2021-03-30/1/widefield.wfz,85185484475,True,85185484475,2026-08-11T17:19:24+00:00,
AL_0035/2025-04-25/1,\\sahale.biostr.washington.edu\data\Subjects\AL_0035\2025-04-25\1\widefield.wfz,subjects/AL_0035/2025-04-25/1/widefield.wfz,74055122711,True,74055122711,2026-08-12T21:52:40+00:00,
AL_0035/2025-04-25/2,\\sahale.biostr.washington.edu\data\Subjects\AL_0035\2025-04-25\2\widefield.wfz,subjects/AL_0035/2025-04-25/2/widefield.wfz,74055122711,True,74055122711,2026-08-12T23:41:05+00:00,
AL_0033/2025-06-24/1,\\sahale.biostr.washington.edu\data\Subjects\AL_0033\2025-06-24\1\widefield.wfz,subjects/AL_0033/2025-06-24/1/widefield.wfz,70830783483,True,70830783483,2026-08-15T16:30:12+00:00,
AB_0032/2024-06-21/1,\\sahale.biostr.washington.edu\data\Subjects\AB_0032\2024-06-21\1\widefield.wfz,subjects/AB_0032/2024-06-21/1/widefield.wfz,77986009498,True,77986009498,2026-08-11T22:10:09+00:00,
ZYE_0062/2022-03-29/1,\\sahale.biostr.washington.edu\data\Subjects\ZYE_0062\2022-03-29\1\widefield.wfz,subjects/ZYE_0062/2022-03-29/1/widefield.wfz,79653686578,True,79653686578,2026-08-15T21:31:57+00:00,
AL_0035/2024-08-14/1,\\sahale.biostr.washington.edu\data\Subjects\AL_0035\2024-08-14\1\widefield.wfz,subjects/AL_0035/2024-08-14/1/widefield.wfz,75687580453,True,75687580453,2026-08-12T06:07:44+00:00,
ZYE_0091/2024-07-11/1,\\sahale.biostr.washington.edu\data\Subjects\ZYE_0091\2024-07-11\1\widefield.wfz,subjects/ZYE_0091/2024-07-11/1/widefield.wfz,72377416755,True,72377416755,2026-08-11T06:27:57+00:00,
AL_0039/2025-07-02/1,\\sahale.biostr.washington.edu\data\Subjects\AL_0039\2025-07-02\1\widefield.wfz,subjects/AL_0039/2025-07-02/1/widefield.wfz,70472290794,True,70472290794,2026-08-13T02:24:12+00:00,
FD_004/2025-11-14/4,\\sahale.biostr.washington.edu\data\Subjects\FD_004\2025-11-14\4\widefield.wfz,subjects/FD_004/2025-11-14/4/widefield.wfz,42165363056,True,42165363056,2026-08-13T02:51:31+00:00,
ZYE_0049/2021-12-02/1,\\sahale.biostr.washington.edu\data\Subjects\ZYE_0049\2021-12-02\1\widefield.wfz,subjects/ZYE_0049/2021-12-02/1/widefield.wfz,79520568350,True,79520568350,2026-08-15T20:19:36+00:00,
ZYE_0090/2024-08-12/1,\\sahale.biostr.washington.edu\data\Subjects\ZYE_0090\2024-08-12\1\widefield.wfz,subjects/ZYE_0090/2024-08-12/1/widefield.wfz,72312861447,True,72312861447,2026-08-11T07:21:54+00:00,
AL_0034/2024-09-19/2,\\sahale.biostr.washington.edu\data\Subjects\AL_0034\2024-09-19\2\widefield.wfz,subjects/AL_0034/2024-09-19/2/widefield.wfz,75069958172,True,75069958172,2026-08-12T21:52:42+00:00,
AL_0033/2025-03-05/1,\\sahale.biostr.washington.edu\data\Subjects\AL_0033\2025-03-05\1\widefield.wfz,subjects/AL_0033/2025-03-05/1/widefield.wfz,74619219130,True,74619219130,2026-08-13T08:36:50+00:00,
AL_0033/2024-08-30/2,\\sahale.biostr.washington.edu\data\Subjects\AL_0033\2024-08-30\2\widefield.wfz,subjects/AL_0033/2024-08-30/2/widefield.wfz,72453869885,True,72453869885,2026-08-12T21:52:37+00:00,
ZYE_0085/2024-07-11/1,\\sahale.biostr.washington.edu\data\Subjects\ZYE_0085\2024-07-11\1\widefield.wfz,subjects/ZYE_0085/2024-07-11/1/widefield.wfz,73161418469,True,73161418469,2026-08-16T08:43:23+00:00,
AL_0039/2025-06-27/1,\\sahale.biostr.washington.edu\data\Subjects\AL_0039\2025-06-27\1\widefield.wfz,subjects/AL_0039/2025-06-27/1/widefield.wfz,68429933719,True,68429933719,2026-08-13T02:23:13+00:00,
AL_0036/2024-12-19/1,\\sahale.biostr.washington.edu\data\Subjects\AL_0036\2024-12-19\1\widefield.wfz,subjects/AL_0036/2024-12-19/1/widefield.wfz,77009653161,True,77009653161,2026-08-12T12:35:04+00:00,
AL_0033/2024-07-26/1,\\sahale.biostr.washington.edu\data\Subjects\AL_0033\2024-07-26\1\widefield.wfz,subjects/AL_0033/2024-07-26/1/widefield.wfz,71877214874,True,71877214874,2026-08-12T13:11:05+00:00,
AL_0034/2024-08-20/1,\\sahale.biostr.washington.edu\data\Subjects\AL_0034\2024-08-20\1\widefield.wfz,subjects/AL_0034/2024-08-20/1/widefield.wfz,76461902411,True,76461902411,2026-08-12T12:54:50+00:00,
ZYE_0089/2024-07-09/1,\\sahale.biostr.washington.edu\data\Subjects\ZYE_0089\2024-07-09\1\widefield.wfz,subjects/ZYE_0089/2024-07-09/1/widefield.wfz,70658157871,True,70658157871,2026-08-16T10:20:18+00:00,
ZYE_0085/2024-07-10/1,\\sahale.biostr.washington.edu\data\Subjects\ZYE_0085\2024-07-10\1\widefield.wfz,subjects/ZYE_0085/2024-07-10/1/widefield.wfz,72064338440,True,72064338440,2026-08-16T08:40:17+00:00,
ZYE_0041/2021-09-03/2,\\sahale.biostr.washington.edu\data\Subjects\ZYE_0041\2021-09-03\2\widefield.wfz,subjects/ZYE_0041/2021-09-03/2/widefield.wfz,74726288387,True,74726288387,2026-08-15T17:14:13+00:00,
ZYE_0088/2024-07-11/1,\\sahale.biostr.washington.edu\data\Subjects\ZYE_0088\2024-07-11\1\widefield.wfz,subjects/ZYE_0088/2024-07-11/1/widefield.wfz,73937138593,True,73937138593,2026-08-16T10:33:31+00:00,
ZYE_0085/2024-07-16/1,\\sahale.biostr.washington.edu\data\Subjects\ZYE_0085\2024-07-16\1\widefield.wfz,subjects/ZYE_0085/2024-07-16/1/widefield.wfz,72066814067,True,72066814067,2026-08-16T10:41:52+00:00,
ZYE_0046/2021-11-22/1,\\sahale.biostr.washington.edu\data\Subjects\ZYE_0046\2021-11-22\1\widefield.wfz,subjects/ZYE_0046/2021-11-22/1/widefield.wfz,77009828725,True,77009828725,2026-08-15T19:58:08+00:00,
ZYE_0062/2022-03-30/1,\\sahale.biostr.washington.edu\data\Subjects\ZYE_0062\2022-03-30\1\widefield.wfz,subjects/ZYE_0062/2022-03-30/1/widefield.wfz,77671332655,True,77671332655,2026-08-15T22:10:13+00:00,
AL_0033/2025-08-05/4,\\sahale.biostr.washington.edu\data\Subjects\AL_0033\2025-08-05\4\widefield.wfz,subjects/AL_0033/2025-08-05/4/widefield.wfz,66762322481,True,66762322481,2026-08-15T16:31:40+00:00,
AL_0036/2025-01-16/2,\\sahale.biostr.washington.edu\data\Subjects\AL_0036\2025-01-16\2\widefield.wfz,subjects/AL_0036/2025-01-16/2/widefield.wfz,72597134441,True,72597134441,2026-08-12T13:19:23+00:00,
AL_0033/2025-04-15/1,\\sahale.biostr.washington.edu\data\Subjects\AL_0033\2025-04-15\1\widefield.wfz,subjects/AL_0033/2025-04-15/1/widefield.wfz,69461410139,True,69461410139,2026-08-15T16:29:07+00:00,
AL_0033/2025-02-26/2,\\sahale.biostr.washington.edu\data\Subjects\AL_0033\2025-02-26\2\widefield.wfz,subjects/AL_0033/2025-02-26/2/widefield.wfz,69602838388,True,69602838388,2026-08-13T07:37:40+00:00,
AB_0005/2021-03-30/1,\\sahale.biostr.washington.edu\data\Subjects\AB_0005\2021-03-30\1\widefield.wfz,subjects/AB_0005/2021-03-30/1/widefield.wfz,77263434270,True,77263434270,2026-08-11T17:19:34+00:00,
AL_0033/2024-06-21/2,\\sahale.biostr.washington.edu\data\Subjects\AL_0033\2024-06-21\2\widefield.wfz,subjects/AL_0033/2024-06-21/2/widefield.wfz,70940782071,True,70940782071,2026-08-11T22:11:06+00:00,
ZYE_0067/2022-10-23/2,\\sahale.biostr.washington.edu\data\Subjects\ZYE_0067\2022-10-23\2\widefield.wfz,subjects/ZYE_0067/2022-10-23/2/widefield.wfz,80222738252,True,80222738252,2026-08-15T22:50:34+00:00,
AL_0032/2024-04-19/2,\\sahale.biostr.washington.edu\data\Subjects\AL_0032\2024-04-19\2\widefield.wfz,subjects/AL_0032/2024-04-19/2/widefield.wfz,69248939984,True,69248939984,2026-08-11T22:10:59+00:00,
ZYE_0085/2024-07-23/1,\\sahale.biostr.washington.edu\data\Subjects\ZYE_0085\2024-07-23\1\widefield.wfz,subjects/ZYE_0085/2024-07-23/1/widefield.wfz,70615861708,True,70615861708,2026-08-16T14:09:28+00:00,
ZYE_0055/2022-01-10/1,\\sahale.biostr.washington.edu\data\Subjects\ZYE_0055\2022-01-10\1\widefield.wfz,subjects/ZYE_0055/2022-01-10/1/widefield.wfz,78429963118,True,78429963118,2026-08-15T20:09:50+00:00,
ZYE_0091/2024-07-16/1,\\sahale.biostr.washington.edu\data\Subjects\ZYE_0091\2024-07-16\1\widefield.wfz,subjects/ZYE_0091/2024-07-16/1/widefield.wfz,68954230814,True,68954230814,2026-08-16T04:33:38+00:00,
AL_0035/2025-01-25/1,\\sahale.biostr.washington.edu\data\Subjects\AL_0035\2025-01-25\1\widefield.wfz,subjects/AL_0035/2025-01-25/1/widefield.wfz,74476795122,True,74476795122,2026-08-12T21:53:42+00:00,
ZYE_0070/2023-01-16/1,\\sahale.biostr.washington.edu\data\Subjects\ZYE_0070\2023-01-16\1\widefield.wfz,subjects/ZYE_0070/2023-01-16/1/widefield.wfz,74396371953,True,74396371953,2026-08-15T23:35:41+00:00,
ZYE_0043/2021-09-25/1,\\sahale.biostr.washington.edu\data\Subjects\ZYE_0043\2021-09-25\1\widefield.wfz,subjects/ZYE_0043/2021-09-25/1/widefield.wfz,74829612861,True,74829612861,2026-08-15T19:19:32+00:00,
ZYE_0071/2023-01-17/3,\\sahale.biostr.washington.edu\data\Subjects\ZYE_0071\2023-01-17\3\widefield.wfz,subjects/ZYE_0071/2023-01-17/3/widefield.wfz,72915105556,True,72915105556,2026-08-16T01:48:51+00:00,
ZYE_0066/2022-10-23/6,\\sahale.biostr.washington.edu\data\Subjects\ZYE_0066\2022-10-23\6\widefield.wfz,subjects/ZYE_0066/2022-10-23/6/widefield.wfz,74457947832,True,74457947832,2026-08-16T00:08:53+00:00,
ZYE_0091/2024-07-17/2,\\sahale.biostr.washington.edu\data\Subjects\ZYE_0091\2024-07-17\2\widefield.wfz,subjects/ZYE_0091/2024-07-17/2/widefield.wfz,67859167746,True,67859167746,2026-08-16T06:54:37+00:00,
AL_0033/2025-03-28/3,\\sahale.biostr.washington.edu\data\Subjects\AL_0033\2025-03-28\3\widefield.wfz,subjects/AL_0033/2025-03-28/3/widefield.wfz,65635193902,True,65635193902,2026-08-13T10:46:22+00:00,
AL_0033/2025-08-04/1,\\sahale.biostr.washington.edu\data\Subjects\AL_0033\2025-08-04\1\widefield.wfz,subjects/AL_0033/2025-08-04/1/widefield.wfz,64191425947,True,64191425947,2026-08-15T16:30:37+00:00,
ZYE_0072/2023-01-22/1,\\sahale.biostr.washington.edu\data\Subjects\ZYE_0072\2023-01-22\1\widefield.wfz,subjects/ZYE_0072/2023-01-22/1/widefield.wfz,66466635583,True,66466635583,2026-08-15T23:54:57+00:00,
FD_012/2026-04-23/1,\\sahale.biostr.washington.edu\data\Subjects\FD_012\2026-04-23\1\widefield.wfz,subjects/FD_012/2026-04-23/1/widefield.wfz,42991937505,True,42991937505,2026-08-13T08:03:31+00:00,
FD_012/2026-04-21/1,\\sahale.biostr.washington.edu\data\Subjects\FD_012\2026-04-21\1\widefield.wfz,subjects/FD_012/2026-04-21/1/widefield.wfz,43757735598,True,43757735598,2026-08-13T07:37:31+00:00,
FD_011/2026-03-03/1,\\sahale.biostr.washington.edu\data\Subjects\FD_011\2026-03-03\1\widefield.wfz,subjects/FD_011/2026-03-03/1/widefield.wfz,44586924187,True,44586924187,2026-08-13T07:43:03+00:00,
FD_011/2026-04-13/1,\\sahale.biostr.washington.edu\data\Subjects\FD_011\2026-04-13\1\widefield.wfz,subjects/FD_011/2026-04-13/1/widefield.wfz,39881150064,True,39881150064,2026-08-13T10:20:58+00:00,
FD_011/2026-03-02/2,\\sahale.biostr.washington.edu\data\Subjects\FD_011\2026-03-02\2\widefield.wfz,subjects/FD_011/2026-03-02/2/widefield.wfz,49238370184,True,49238370184,2026-08-13T07:49:06+00:00,
FD_011/2026-02-25/1,\\sahale.biostr.washington.edu\data\Subjects\FD_011\2026-02-25\1\widefield.wfz,subjects/FD_011/2026-02-25/1/widefield.wfz,51404634215,True,51404634215,2026-08-13T07:20:22+00:00,
FD_011/2026-02-28/1,\\sahale.biostr.washington.edu\data\Subjects\FD_011\2026-02-28\1\widefield.wfz,subjects/FD_011/2026-02-28/1/widefield.wfz,53028007662,True,53028007662,2026-08-13T07:32:44+00:00,
AL_0038/2025-05-02/1,\\sahale.biostr.washington.edu\data\Subjects\AL_0038\2025-05-02\1\widefield.wfz,subjects/AL_0038/2025-05-02/1/widefield.wfz,56232822204,True,56232822204,2026-08-12T13:37:20+00:00,
FD_011/2026-04-06/1,\\sahale.biostr.washington.edu\data\Subjects\FD_011\2026-04-06\1\widefield.wfz,subjects/FD_011/2026-04-06/1/widefield.wfz,39814009609,True,39814009609,2026-08-13T09:54:56+00:00,
ZYE_0053/2021-12-19/2,\\sahale.biostr.washington.edu\data\Subjects\ZYE_0053\2021-12-19\2\widefield.wfz,subjects/ZYE_0053/2021-12-19/2/widefield.wfz,75632310897,True,75632310897,2026-08-15T19:45:44+00:00,
AL_0041/2026-04-16/1,\\sahale.biostr.washington.edu\data\Subjects\AL_0041\2026-04-16\1\widefield.wfz,subjects/AL_0041/2026-04-16/1/widefield.wfz,61672924287,True,61672924287,2026-08-13T05:47:28+00:00,
AL_0032/2024-04-27/1,\\sahale.biostr.washington.edu\data\Subjects\AL_0032\2024-04-27\1\widefield.wfz,subjects/AL_0032/2024-04-27/1/widefield.wfz,67403461757,True,67403461757,2026-08-11T22:10:37+00:00,
ZYE_0078/2024-07-23/1,\\sahale.biostr.washington.edu\data\Subjects\ZYE_0078\2024-07-23\1\widefield.wfz,subjects/ZYE_0078/2024-07-23/1/widefield.wfz,64670861250,True,64670861250,2026-08-16T07:16:48+00:00,
ZYE_0094/2025-07-18/1,\\sahale.biostr.washington.edu\data\Subjects\ZYE_0094\2025-07-18\1\widefield.wfz,subjects/ZYE_0094/2025-07-18/1/widefield.wfz,60079077564,True,60079077564,2026-08-16T03:02:45+00:00,
ZYE_0091/2024-07-15/1,\\sahale.biostr.washington.edu\data\Subjects\ZYE_0091\2024-07-15\1\widefield.wfz,subjects/ZYE_0091/2024-07-15/1/widefield.wfz,66864336914,True,66864336914,2026-08-16T03:51:27+00:00,
ZYE_0091/2024-07-14/3,\\sahale.biostr.washington.edu\data\Subjects\ZYE_0091\2024-07-14\3\widefield.wfz,subjects/ZYE_0091/2024-07-14/3/widefield.wfz,66981034703,True,66981034703,2026-08-16T03:58:24+00:00,
AL_0033/2025-01-28/1,\\sahale.biostr.washington.edu\data\Subjects\AL_0033\2025-01-28\1\widefield.wfz,subjects/AL_0033/2025-01-28/1/widefield.wfz,67466248948,True,67466248948,2026-08-13T02:45:27+00:00,
ZYE_0046/2021-12-01/1,\\sahale.biostr.washington.edu\data\Subjects\ZYE_0046\2021-12-01\1\widefield.wfz,subjects/ZYE_0046/2021-12-01/1/widefield.wfz,71585416882,True,71585416882,2026-08-15T22:35:51+00:00,
ZYE_0043/2021-09-26/1,\\sahale.biostr.washington.edu\data\Subjects\ZYE_0043\2021-09-26\1\widefield.wfz,subjects/ZYE_0043/2021-09-26/1/widefield.wfz,73766907534,True,73766907534,2026-08-15T19:32:39+00:00,
ZYE_0089/2024-07-12/2,\\sahale.biostr.washington.edu\data\Subjects\ZYE_0089\2024-07-12\2\widefield.wfz,subjects/ZYE_0089/2024-07-12/2/widefield.wfz,65573530499,True,65573530499,2026-08-16T11:22:38+00:00,
AL_0036/2024-12-13/1,\\sahale.biostr.washington.edu\data\Subjects\AL_0036\2024-12-13\1\widefield.wfz,subjects/AL_0036/2024-12-13/1/widefield.wfz,69916612621,True,69916612621,2026-08-12T06:23:45+00:00,
ZYE_0090/2024-07-17/1,\\sahale.biostr.washington.edu\data\Subjects\ZYE_0090\2024-07-17\1\widefield.wfz,subjects/ZYE_0090/2024-07-17/1/widefield.wfz,65759464761,True,65759464761,2026-08-16T03:35:46+00:00,
ZYE_0031/2021-09-30/2,\\sahale.biostr.washington.edu\data\Subjects\ZYE_0031\2021-09-30\2\widefield.wfz,subjects/ZYE_0031/2021-09-30/2/widefield.wfz,72158155822,True,72158155822,2026-08-15T19:30:18+00:00,
ZYE_0085/2024-07-08/1,\\sahale.biostr.washington.edu\data\Subjects\ZYE_0085\2024-07-08\1\widefield.wfz,subjects/ZYE_0085/2024-07-08/1/widefield.wfz,65886240006,True,65886240006,2026-08-16T08:11:03+00:00,
ZYE_0085/2024-07-27/3,\\sahale.biostr.washington.edu\data\Subjects\ZYE_0085\2024-07-27\3\widefield.wfz,subjects/ZYE_0085/2024-07-27/3/widefield.wfz,67217057253,True,67217057253,2026-08-16T14:43:00+00:00,
ZYE_0091/2024-07-10/1,\\sahale.biostr.washington.edu\data\Subjects\ZYE_0091\2024-07-10\1\widefield.wfz,subjects/ZYE_0091/2024-07-10/1/widefield.wfz,64646968967,True,64646968967,2026-08-16T03:25:32+00:00,
AL_0045/2026-01-29/2,\\sahale.biostr.washington.edu\data\Subjects\AL_0045\2026-01-29\2\widefield.wfz,subjects/AL_0045/2026-01-29/2/widefield.wfz,57631731203,True,57631731203,2026-08-14T05:14:35+00:00,
ZYE_0088/2024-07-09/1,\\sahale.biostr.washington.edu\data\Subjects\ZYE_0088\2024-07-09\1\widefield.wfz,subjects/ZYE_0088/2024-07-09/1/widefield.wfz,67216688378,True,67216688378,2026-08-16T09:46:37+00:00,
ZYE_0038/2021-09-01/1,\\sahale.biostr.washington.edu\data\Subjects\ZYE_0038\2021-09-01\1\widefield.wfz,subjects/ZYE_0038/2021-09-01/1/widefield.wfz,71487607045,True,71487607045,2026-08-15T16:55:51+00:00,
AL_0023/2023-08-24/1,\\sahale.biostr.washington.edu\data\Subjects\AL_0023\2023-08-24\1\widefield.wfz,subjects/AL_0023/2023-08-24/1/widefield.wfz,69923786543,True,69923786543,2026-08-14T05:16:28+00:00,
ZYE_0009/2020-09-10/1,\\sahale.biostr.washington.edu\data\Subjects\ZYE_0009\2020-09-10\1\widefield.wfz,subjects/ZYE_0009/2020-09-10/1/widefield.wfz,70317436648,True,70317436648,2026-08-15T16:50:36+00:00,
AL_0032/2024-04-14/1,\\sahale.biostr.washington.edu\data\Subjects\AL_0032\2024-04-14\1\widefield.wfz,subjects/AL_0032/2024-04-14/1/widefield.wfz,67990951969,True,67990951969,2026-08-14T05:15:59+00:00,
ZYE_0085/2024-07-28/1,\\sahale.biostr.washington.edu\data\Subjects\ZYE_0085\2024-07-28\1\widefield.wfz,subjects/ZYE_0085/2024-07-28/1/widefield.wfz,66558793836,True,66558793836,2026-08-16T14:41:50+00:00,
AL_0023/2023-08-23/3,\\sahale.biostr.washington.edu\data\Subjects\AL_0023\2023-08-23\3\widefield.wfz,subjects/AL_0023/2023-08-23/3/widefield.wfz,68857642098,True,68857642098,2026-08-14T05:15:21+00:00,
ZYE_0009/2020-08-31/1,\\sahale.biostr.washington.edu\data\Subjects\ZYE_0009\2020-08-31\1\widefield.wfz,subjects/ZYE_0009/2020-08-31/1/widefield.wfz,69339145933,True,69339145933,2026-08-15T16:32:32+00:00,
AL_0014/2022-08-17/1,\\sahale.biostr.washington.edu\data\Subjects\AL_0014\2022-08-17\1\widefield.wfz,subjects/AL_0014/2022-08-17/1/widefield.wfz,60480065463,True,60480065463,2026-08-14T05:15:42+00:00,
ZYE_0090/2025-05-02/2,\\sahale.biostr.washington.edu\data\Subjects\ZYE_0090\2025-05-02\2\widefield.wfz,subjects/ZYE_0090/2025-05-02/2/widefield.wfz,65333631964,True,65333631964,2026-08-16T15:37:16+00:00,
ZYE_0062/2022-03-31/2,\\sahale.biostr.washington.edu\data\Subjects\ZYE_0062\2022-03-31\2\widefield.wfz,subjects/ZYE_0062/2022-03-31/2/widefield.wfz,71096018802,True,71096018802,2026-08-15T22:41:20+00:00,
ZYE_0089/2025-05-02/1,\\sahale.biostr.washington.edu\data\Subjects\ZYE_0089\2025-05-02\1\widefield.wfz,subjects/ZYE_0089/2025-05-02/1/widefield.wfz,63512012449,True,63512012449,2026-08-16T17:03:07+00:00,
ZYE_0089/2024-07-11/5,\\sahale.biostr.washington.edu\data\Subjects\ZYE_0089\2024-07-11\5\widefield.wfz,subjects/ZYE_0089/2024-07-11/5/widefield.wfz,63922723058,True,63922723058,2026-08-16T12:46:04+00:00,
ZYE_0070/2023-01-15/1,\\sahale.biostr.washington.edu\data\Subjects\ZYE_0070\2023-01-15\1\widefield.wfz,subjects/ZYE_0070/2023-01-15/1/widefield.wfz,66561369042,True,66561369042,2026-08-15T23:27:06+00:00,
ZYE_0071/2023-01-17/7,\\sahale.biostr.washington.edu\data\Subjects\ZYE_0071\2023-01-17\7\widefield.wfz,subjects/ZYE_0071/2023-01-17/7/widefield.wfz,68098872000,True,68098872000,2026-08-16T02:15:38+00:00,
ZYE_0060/2022-03-25/1,\\sahale.biostr.washington.edu\data\Subjects\ZYE_0060\2022-03-25\1\widefield.wfz,subjects/ZYE_0060/2022-03-25/1/widefield.wfz,69287238672,True,69287238672,2026-08-15T22:50:08+00:00,
AL_0033/2024-12-20/1,\\sahale.biostr.washington.edu\data\Subjects\AL_0033\2024-12-20\1\widefield.wfz,subjects/AL_0033/2024-12-20/1/widefield.wfz,67644542180,True,67644542180,2026-08-14T20:52:22+00:00,
ZYE_0060/2022-03-24/1,\\sahale.biostr.washington.edu\data\Subjects\ZYE_0060\2022-03-24\1\widefield.wfz,subjects/ZYE_0060/2022-03-24/1/widefield.wfz,69336281221,True,69336281221,2026-08-15T22:47:39+00:00,
ZYE_0053/2022-01-02/1,\\sahale.biostr.washington.edu\data\Subjects\ZYE_0053\2022-01-02\1\widefield.wfz,subjects/ZYE_0053/2022-01-02/1/widefield.wfz,71990958469,True,71990958469,2026-08-15T20:11:48+00:00,
ZYE_0009/2020-09-03/1,\\sahale.biostr.washington.edu\data\Subjects\ZYE_0009\2020-09-03\1\widefield.wfz,subjects/ZYE_0009/2020-09-03/1/widefield.wfz,70777240730,True,70777240730,2026-08-15T16:49:09+00:00,
AL_0033/2025-01-07/1,\\sahale.biostr.washington.edu\data\Subjects\AL_0033\2025-01-07\1\widefield.wfz,subjects/AL_0033/2025-01-07/1/widefield.wfz,65336814915,True,65336814915,2026-08-15T16:26:54+00:00,
ZYE_0098/2025-12-18/1,\\sahale.biostr.washington.edu\data\Subjects\ZYE_0098\2025-12-18\1\widefield.wfz,subjects/ZYE_0098/2025-12-18/1/widefield.wfz,33497517949,True,33497517949,2026-08-16T06:50:46+00:00,
AL_0033/2025-06-13/3,\\sahale.biostr.washington.edu\data\Subjects\AL_0033\2025-06-13\3\widefield.wfz,subjects/AL_0033/2025-06-13/3/widefield.wfz,59472002320,True,59472002320,2026-08-15T16:28:33+00:00,
ZYE_0009/2020-09-02/1,\\sahale.biostr.washington.edu\data\Subjects\ZYE_0009\2020-09-02\1\widefield.wfz,subjects/ZYE_0009/2020-09-02/1/widefield.wfz,67364577782,True,67364577782,2026-08-15T16:46:31+00:00,
AL_0033/2025-01-20/2,\\sahale.biostr.washington.edu\data\Subjects\AL_0033\2025-01-20\2\widefield.wfz,subjects/AL_0033/2025-01-20/2/widefield.wfz,56889765357,True,56889765357,2026-08-15T16:27:57+00:00,
ZYE_0071/2023-01-14/1,\\sahale.biostr.washington.edu\data\Subjects\ZYE_0071\2023-01-14\1\widefield.wfz,subjects/ZYE_0071/2023-01-14/1/widefield.wfz,66745479527,True,66745479527,2026-08-15T23:17:36+00:00,
AL_0046/2026-02-18/3,\\sahale.biostr.washington.edu\data\Subjects\AL_0046\2026-02-18\3\widefield.wfz,subjects/AL_0046/2026-02-18/3/widefield.wfz,60901961030,True,60901961030,2026-08-14T05:16:53+00:00,
ZYE_0014/2020-12-09/1,\\sahale.biostr.washington.edu\data\Subjects\ZYE_0014\2020-12-09\1\widefield.wfz,subjects/ZYE_0014/2020-12-09/1/widefield.wfz,70171127576,True,70171127576,2026-08-15T19:49:57+00:00,
ZYE_0055/2022-01-23/2,\\sahale.biostr.washington.edu\data\Subjects\ZYE_0055\2022-01-23\2\widefield.wfz,subjects/ZYE_0055/2022-01-23/2/widefield.wfz,68377053751,True,68377053751,2026-08-15T20:13:34+00:00,
AL_0041/2026-02-17/1,\\sahale.biostr.washington.edu\data\Subjects\AL_0041\2026-02-17\1\widefield.wfz,subjects/AL_0041/2026-02-17/1/widefield.wfz,57739565667,True,57739565667,2026-08-14T20:36:35+00:00,
AL_0035/2025-05-24/1,\\sahale.biostr.washington.edu\data\Subjects\AL_0035\2025-05-24\1\widefield.wfz,subjects/AL_0035/2025-05-24/1/widefield.wfz,65953580807,True,65953580807,2026-08-14T20:52:33+00:00,
ZYE_0089/2024-05-23/1,\\sahale.biostr.washington.edu\data\Subjects\ZYE_0089\2024-05-23\1\widefield.wfz,subjects/ZYE_0089/2024-05-23/1/widefield.wfz,56562947756,True,56562947756,2026-08-16T02:26:41+00:00,
ZYE_0086/2025-03-06/1,\\sahale.biostr.washington.edu\data\Subjects\ZYE_0086\2025-03-06\1\widefield.wfz,subjects/ZYE_0086/2025-03-06/1/widefield.wfz,59326746239,True,59326746239,2026-08-16T16:53:35+00:00,
ZYE_0088/2024-09-06/1,\\sahale.biostr.washington.edu\data\Subjects\ZYE_0088\2024-09-06\1\widefield.wfz,subjects/ZYE_0088/2024-09-06/1/widefield.wfz,61448809575,True,61448809575,2026-08-16T16:06:50+00:00,
ZYE_0088/2024-05-23/1,\\sahale.biostr.washington.edu\data\Subjects\ZYE_0088\2024-05-23\1\widefield.wfz,subjects/ZYE_0088/2024-05-23/1/widefield.wfz,57343787837,True,57343787837,2026-08-16T02:24:49+00:00,
ZYE_0097/2025-07-16/1,\\sahale.biostr.washington.edu\data\Subjects\ZYE_0097\2025-07-16\1\widefield.wfz,subjects/ZYE_0097/2025-07-16/1/widefield.wfz,59150071316,True,59150071316,2026-08-16T02:33:57+00:00,
AL_0032/2024-04-28/1,\\sahale.biostr.washington.edu\data\Subjects\AL_0032\2024-04-28\1\widefield.wfz,subjects/AL_0032/2024-04-28/1/widefield.wfz,64441528746,True,64441528746,2026-08-14T05:16:33+00:00,
AL_0034/2024-08-12/1,\\sahale.biostr.washington.edu\data\Subjects\AL_0034\2024-08-12\1\widefield.wfz,subjects/AL_0034/2024-08-12/1/widefield.wfz,63227494812,True,63227494812,2026-08-14T05:15:42+00:00,
ZYE_0095/2025-07-17/1,\\sahale.biostr.washington.edu\data\Subjects\ZYE_0095\2025-07-17\1\widefield.wfz,subjects/ZYE_0095/2025-07-17/1/widefield.wfz,57889298616,True,57889298616,2026-08-16T02:33:32+00:00,
AL_0033/2024-12-20/7,\\sahale.biostr.washington.edu\data\Subjects\AL_0033\2024-12-20\7\widefield.wfz,subjects/AL_0033/2024-12-20/7/widefield.wfz,65605579581,True,65605579581,2026-08-15T16:27:34+00:00,
AL_0023/2023-08-25/2,\\sahale.biostr.washington.edu\data\Subjects\AL_0023\2023-08-25\2\widefield.wfz,subjects/AL_0023/2023-08-25/2/widefield.wfz,64315974376,True,64315974376,2026-08-14T05:16:51+00:00,
AB_0032/2024-07-08/1,\\sahale.biostr.washington.edu\data\Subjects\AB_0032\2024-07-08\1\widefield.wfz,subjects/AB_0032/2024-07-08/1/widefield.wfz,65705722562,True,65705722562,2026-08-14T05:15:53+00:00,
AL_0035/2024-09-04/1,\\sahale.biostr.washington.edu\data\Subjects\AL_0035\2024-09-04\1\widefield.wfz,subjects/AL_0035/2024-09-04/1/widefield.wfz,65167266515,True,65167266515,2026-08-14T05:16:32+00:00,
ZYE_0097/2025-07-26/1,\\sahale.biostr.washington.edu\data\Subjects\ZYE_0097\2025-07-26\1\widefield.wfz,subjects/ZYE_0097/2025-07-26/1/widefield.wfz,56535625734,True,56535625734,2026-08-16T03:15:28+00:00,
ZYE_0052/2021-12-31/1,\\sahale.biostr.washington.edu\data\Subjects\ZYE_0052\2021-12-31\1\widefield.wfz,subjects/ZYE_0052/2021-12-31/1/widefield.wfz,66963190062,True,66963190062,2026-08-15T19:51:50+00:00,
ZYE_0088/2024-07-16/2,\\sahale.biostr.washington.edu\data\Subjects\ZYE_0088\2024-07-16\2\widefield.wfz,subjects/ZYE_0088/2024-07-16/2/widefield.wfz,61005162023,True,61005162023,2026-08-16T13:20:55+00:00,
ZYE_0088/2024-07-13/2,\\sahale.biostr.washington.edu\data\Subjects\ZYE_0088\2024-07-13\2\widefield.wfz,subjects/ZYE_0088/2024-07-13/2/widefield.wfz,61988835581,True,61988835581,2026-08-16T12:41:52+00:00,
ZYE_0053/2021-12-20/1,\\sahale.biostr.washington.edu\data\Subjects\ZYE_0053\2021-12-20\1\widefield.wfz,subjects/ZYE_0053/2021-12-20/1/widefield.wfz,66436055059,True,66436055059,2026-08-15T19:42:31+00:00,
AL_0035/2024-12-09/1,\\sahale.biostr.washington.edu\data\Subjects\AL_0035\2024-12-09\1\widefield.wfz,subjects/AL_0035/2024-12-09/1/widefield.wfz,65210889294,True,65210889294,2026-08-14T05:16:57+00:00,
ZYE_0043/2021-09-27/1,\\sahale.biostr.washington.edu\data\Subjects\ZYE_0043\2021-09-27\1\widefield.wfz,subjects/ZYE_0043/2021-09-27/1/widefield.wfz,65664931726,True,65664931726,2026-08-15T19:32:32+00:00,
ZYE_0090/2024-08-13/3,\\sahale.biostr.washington.edu\data\Subjects\ZYE_0090\2024-08-13\3\widefield.wfz,subjects/ZYE_0090/2024-08-13/3/widefield.wfz,60440557641,True,60440557641,2026-08-16T13:28:46+00:00,
ZYE_0091/2024-07-12/1,\\sahale.biostr.washington.edu\data\Subjects\ZYE_0091\2024-07-12\1\widefield.wfz,subjects/ZYE_0091/2024-07-12/1/widefield.wfz,59900836437,True,59900836437,2026-08-16T03:28:37+00:00,
AB_0032/2024-07-19/1,\\sahale.biostr.washington.edu\data\Subjects\AB_0032\2024-07-19\1\widefield.wfz,subjects/AB_0032/2024-07-19/1/widefield.wfz,63600345054,True,63600345054,2026-08-14T05:16:00+00:00,
ZYE_0072/2023-01-15/1,\\sahale.biostr.washington.edu\data\Subjects\ZYE_0072\2023-01-15\1\widefield.wfz,subjects/ZYE_0072/2023-01-15/1/widefield.wfz,61858282414,True,61858282414,2026-08-15T23:35:22+00:00,
ZYE_0090/2025-03-14/3,\\sahale.biostr.washington.edu\data\Subjects\ZYE_0090\2025-03-14\3\widefield.wfz,subjects/ZYE_0090/2025-03-14/3/widefield.wfz,62475266391,True,62475266391,2026-08-16T15:06:40+00:00,
ZYE_0026/2021-03-22/1,\\sahale.biostr.washington.edu\data\Subjects\ZYE_0026\2021-03-22\1\widefield.wfz,subjects/ZYE_0026/2021-03-22/1/widefield.wfz,68666344782,True,68666344782,2026-08-15T23:27:57+00:00,
ZYE_0054/2022-01-03/1,\\sahale.biostr.washington.edu\data\Subjects\ZYE_0054\2022-01-03\1\widefield.wfz,subjects/ZYE_0054/2022-01-03/1/widefield.wfz,65574837835,True,65574837835,2026-08-15T19:37:58+00:00,
ZYE_0038/2021-09-02/2,\\sahale.biostr.washington.edu\data\Subjects\ZYE_0038\2021-09-02\2\widefield.wfz,subjects/ZYE_0038/2021-09-02/2/widefield.wfz,65038900837,True,65038900837,2026-08-15T19:10:31+00:00,
ZYE_0091/2025-02-28/3,\\sahale.biostr.washington.edu\data\Subjects\ZYE_0091\2025-02-28\3\widefield.wfz,subjects/ZYE_0091/2025-02-28/3/widefield.wfz,59998424279,True,59998424279,2026-08-16T07:38:20+00:00,
AL_0041/2026-02-19/2,\\sahale.biostr.washington.edu\data\Subjects\AL_0041\2026-02-19\2\widefield.wfz,subjects/AL_0041/2026-02-19/2/widefield.wfz,56138860310,True,56138860310,2026-08-14T20:37:50+00:00,
ZYE_0026/2021-03-19/1,\\sahale.biostr.washington.edu\data\Subjects\ZYE_0026\2021-03-19\1\widefield.wfz,subjects/ZYE_0026/2021-03-19/1/widefield.wfz,67476679333,True,67476679333,2026-08-15T23:05:12+00:00,
ZYE_0090/2025-06-07/1,\\sahale.biostr.washington.edu\data\Subjects\ZYE_0090\2025-06-07\1\widefield.wfz,subjects/ZYE_0090/2025-06-07/1/widefield.wfz,59338981372,True,59338981372,2026-08-16T16:03:57+00:00,
ZYE_0092/2025-06-14/1,\\sahale.biostr.washington.edu\data\Subjects\ZYE_0092\2025-06-14\1\widefield.wfz,subjects/ZYE_0092/2025-06-14/1/widefield.wfz,51843317420,True,51843317420,2026-08-16T02:31:28+00:00,
AL_0035/2024-09-10/1,\\sahale.biostr.washington.edu\data\Subjects\AL_0035\2024-09-10\1\widefield.wfz,subjects/AL_0035/2024-09-10/1/widefield.wfz,61847362125,True,61847362125,2026-08-14T05:17:00+00:00,
ZYE_0087/2024-09-07/1,\\sahale.biostr.washington.edu\data\Subjects\ZYE_0087\2024-09-07\1\widefield.wfz,subjects/ZYE_0087/2024-09-07/1/widefield.wfz,58857221693,True,58857221693,2026-08-16T08:21:22+00:00,
ZYE_0085/2024-07-18/3,\\sahale.biostr.washington.edu\data\Subjects\ZYE_0085\2024-07-18\3\widefield.wfz,subjects/ZYE_0085/2024-07-18/3/widefield.wfz,58106223188,True,58106223188,2026-08-16T13:11:08+00:00,
ZYE_0090/2025-06-10/2,\\sahale.biostr.washington.edu\data\Subjects\ZYE_0090\2025-06-10\2\widefield.wfz,subjects/ZYE_0090/2025-06-10/2/widefield.wfz,57283595801,True,57283595801,2026-08-16T16:04:01+00:00,
ZYE_0070/2023-01-14/1,\\sahale.biostr.washington.edu\data\Subjects\ZYE_0070\2023-01-14\1\widefield.wfz,subjects/ZYE_0070/2023-01-14/1/widefield.wfz,62374271525,True,62374271525,2026-08-15T22:58:31+00:00,
ZYE_0050/2021-12-11/1,\\sahale.biostr.washington.edu\data\Subjects\ZYE_0050\2021-12-11\1\widefield.wfz,subjects/ZYE_0050/2021-12-11/1/widefield.wfz,65680976418,True,65680976418,2026-08-15T22:56:59+00:00,
AL_0033/2024-12-23/1,\\sahale.biostr.washington.edu\data\Subjects\AL_0033\2024-12-23\1\widefield.wfz,subjects/AL_0033/2024-12-23/1/widefield.wfz,60944010459,True,60944010459,2026-08-15T16:26:58+00:00,
ZYE_0055/2022-01-07/4,\\sahale.biostr.washington.edu\data\Subjects\ZYE_0055\2022-01-07\4\widefield.wfz,subjects/ZYE_0055/2022-01-07/4/widefield.wfz,67000437610,True,67000437610,2026-08-15T20:17:55+00:00,
ZYE_0072/2023-01-22/5,\\sahale.biostr.washington.edu\data\Subjects\ZYE_0072\2023-01-22\5\widefield.wfz,subjects/ZYE_0072/2023-01-22/5/widefield.wfz,57200406159,True,57200406159,2026-08-16T02:10:44+00:00,
ZYE_0090/2025-03-06/5,\\sahale.biostr.washington.edu\data\Subjects\ZYE_0090\2025-03-06\5\widefield.wfz,subjects/ZYE_0090/2025-03-06/5/widefield.wfz,61057989294,True,61057989294,2026-08-16T15:19:31+00:00,
ZYE_0016/2020-12-21/1,\\sahale.biostr.washington.edu\data\Subjects\ZYE_0016\2020-12-21\1\widefield.wfz,subjects/ZYE_0016/2020-12-21/1/widefield.wfz,62997509396,True,62997509396,2026-08-15T16:32:03+00:00,
ZYE_0095/2025-07-26/1,\\sahale.biostr.washington.edu\data\Subjects\ZYE_0095\2025-07-26\1\widefield.wfz,subjects/ZYE_0095/2025-07-26/1/widefield.wfz,55266191433,True,55266191433,2026-08-16T02:51:01+00:00,
ZYE_0060/2022-03-23/2,\\sahale.biostr.washington.edu\data\Subjects\ZYE_0060\2022-03-23\2\widefield.wfz,subjects/ZYE_0060/2022-03-23/2/widefield.wfz,63413699158,True,63413699158,2026-08-15T22:46:09+00:00,
ZYE_0089/2024-07-08/1,\\sahale.biostr.washington.edu\data\Subjects\ZYE_0089\2024-07-08\1\widefield.wfz,subjects/ZYE_0089/2024-07-08/1/widefield.wfz,57552039545,True,57552039545,2026-08-16T09:24:12+00:00,
AL_0032/2024-05-12/1,\\sahale.biostr.washington.edu\data\Subjects\AL_0032\2024-05-12\1\widefield.wfz,subjects/AL_0032/2024-05-12/1/widefield.wfz,57934816102,True,57934816102,2026-08-14T05:16:06+00:00,
ZYE_0098/2025-12-17/2,\\sahale.biostr.washington.edu\data\Subjects\ZYE_0098\2025-12-17\2\widefield.wfz,subjects/ZYE_0098/2025-12-17/2/widefield.wfz,32514339901,True,32514339901,2026-08-16T04:47:20+00:00,
AL_0035/2024-08-12/1,\\sahale.biostr.washington.edu\data\Subjects\AL_0035\2024-08-12\1\widefield.wfz,subjects/AL_0035/2024-08-12/1/widefield.wfz,59289722123,True,59289722123,2026-08-14T05:16:44+00:00,
AL_0041/2026-02-28/2,\\sahale.biostr.washington.edu\data\Subjects\AL_0041\2026-02-28\2\widefield.wfz,subjects/AL_0041/2026-02-28/2/widefield.wfz,55745430238,True,55745430238,2026-08-15T18:59:20+00:00,
ZYE_0090/2025-06-05/1,\\sahale.biostr.washington.edu\data\Subjects\ZYE_0090\2025-06-05\1\widefield.wfz,subjects/ZYE_0090/2025-06-05/1/widefield.wfz,57796670077,True,57796670077,2026-08-16T15:43:26+00:00,
ZYE_0091/2024-07-09/1,\\sahale.biostr.washington.edu\data\Subjects\ZYE_0091\2024-07-09\1\widefield.wfz,subjects/ZYE_0091/2024-07-09/1/widefield.wfz,56929382038,True,56929382038,2026-08-16T03:07:48+00:00,
AL_0041/2025-11-03/1,\\sahale.biostr.washington.edu\data\Subjects\AL_0041\2025-11-03\1\widefield.wfz,subjects/AL_0041/2025-11-03/1/widefield.wfz,57342460698,True,57342460698,2026-08-16T19:03:21+00:00,
AL_0016/2022-10-04/1,\\sahale.biostr.washington.edu\data\Subjects\AL_0016\2022-10-04\1\widefield.wfz,subjects/AL_0016/2022-10-04/1/widefield.wfz,61821484753,True,61821484753,2026-08-16T19:02:06+00:00,
ZYE_0055/2022-01-24/3,\\sahale.biostr.washington.edu\data\Subjects\ZYE_0055\2022-01-24\3\widefield.wfz,subjects/ZYE_0055/2022-01-24/3/widefield.wfz,65953960426,True,65953960426,2026-08-15T20:45:18+00:00,
ZYE_0088/2024-07-15/2,\\sahale.biostr.washington.edu\data\Subjects\ZYE_0088\2024-07-15\2\widefield.wfz,subjects/ZYE_0088/2024-07-15/2/widefield.wfz,59344172777,True,59344172777,2026-08-16T13:03:35+00:00,
ZYE_0014/2020-10-28/1,\\sahale.biostr.washington.edu\data\Subjects\ZYE_0014\2020-10-28\1\widefield.wfz,subjects/ZYE_0014/2020-10-28/1/widefield.wfz,64859471295,True,64859471295,2026-08-15T16:32:11+00:00,
ZYE_0097/2025-07-18/1,\\sahale.biostr.washington.edu\data\Subjects\ZYE_0097\2025-07-18\1\widefield.wfz,subjects/ZYE_0097/2025-07-18/1/widefield.wfz,55192515391,True,55192515391,2026-08-16T02:34:44+00:00,
ZYE_0087/2024-09-06/3,\\sahale.biostr.washington.edu\data\Subjects\ZYE_0087\2024-09-06\3\widefield.wfz,subjects/ZYE_0087/2024-09-06/3/widefield.wfz,55529073446,True,55529073446,2026-08-16T08:30:51+00:00,
ZYE_0077/2024-07-22/1,\\sahale.biostr.washington.edu\data\Subjects\ZYE_0077\2024-07-22\1\widefield.wfz,subjects/ZYE_0077/2024-07-22/1/widefield.wfz,57180166833,True,57180166833,2026-08-16T10:03:24+00:00,
AL_0048/2026-07-14/1,\\sahale.biostr.washington.edu\data\Subjects\AL_0048\2026-07-14\1\widefield.wfz,subjects/AL_0048/2026-07-14/1/widefield.wfz,55903875696,True,55903875696,2026-08-16T19:24:12+00:00,
ZYE_0090/2025-02-25/1,\\sahale.biostr.washington.edu\data\Subjects\ZYE_0090\2025-02-25\1\widefield.wfz,subjects/ZYE_0090/2025-02-25/1/widefield.wfz,59329485012,True,59329485012,2026-08-16T14:48:48+00:00,
ZYE_0060/2022-03-26/1,\\sahale.biostr.washington.edu\data\Subjects\ZYE_0060\2022-03-26\1\widefield.wfz,subjects/ZYE_0060/2022-03-26/1/widefield.wfz,64262700873,True,64262700873,2026-08-15T23:01:37+00:00,
ZYE_0055/2022-01-06/1,\\sahale.biostr.washington.edu\data\Subjects\ZYE_0055\2022-01-06\1\widefield.wfz,subjects/ZYE_0055/2022-01-06/1/widefield.wfz,65671550550,True,65671550550,2026-08-15T19:45:54+00:00,
ZYE_0085/2024-07-17/1,\\sahale.biostr.washington.edu\data\Subjects\ZYE_0085\2024-07-17\1\widefield.wfz,subjects/ZYE_0085/2024-07-17/1/widefield.wfz,58588737492,True,58588737492,2026-08-16T10:47:05+00:00,
ZYE_0085/2024-09-08/1,\\sahale.biostr.washington.edu\data\Subjects\ZYE_0085\2024-09-08\1\widefield.wfz,subjects/ZYE_0085/2024-09-08/1/widefield.wfz,59624230003,True,59624230003,2026-08-16T14:54:51+00:00,
ZYE_0089/2025-05-03/1,\\sahale.biostr.washington.edu\data\Subjects\ZYE_0089\2025-05-03\1\widefield.wfz,subjects/ZYE_0089/2025-05-03/1/widefield.wfz,57621950875,True,57621950875,2026-08-16T17:03:50+00:00,
ZYE_0085/2024-07-22/1,\\sahale.biostr.washington.edu\data\Subjects\ZYE_0085\2024-07-22\1\widefield.wfz,subjects/ZYE_0085/2024-07-22/1/widefield.wfz,58588071174,True,58588071174,2026-08-16T13:53:45+00:00,
ZYE_0050/2021-12-12/3,\\sahale.biostr.washington.edu\data\Subjects\ZYE_0050\2021-12-12\3\widefield.wfz,subjects/ZYE_0050/2021-12-12/3/widefield.wfz,62996160636,True,62996160636,2026-08-15T23:52:54+00:00,
AL_0041/2026-02-27/1,\\sahale.biostr.washington.edu\data\Subjects\AL_0041\2026-02-27\1\widefield.wfz,subjects/AL_0041/2026-02-27/1/widefield.wfz,55354378228,True,55354378228,2026-08-16T21:13:01+00:00,
ZYE_0091/2024-09-08/1,\\sahale.biostr.washington.edu\data\Subjects\ZYE_0091\2024-09-08\1\widefield.wfz,subjects/ZYE_0091/2024-09-08/1/widefield.wfz,59215204920,True,59215204920,2026-08-16T07:15:02+00:00,
ZYE_0090/2024-07-27/1,\\sahale.biostr.washington.edu\data\Subjects\ZYE_0090\2024-07-27\1\widefield.wfz,subjects/ZYE_0090/2024-07-27/1/widefield.wfz,57230608218,True,57230608218,2026-08-16T07:23:28+00:00,
ZYE_0086/2025-03-05/1,\\sahale.biostr.washington.edu\data\Subjects\ZYE_0086\2025-03-05\1\widefield.wfz,subjects/ZYE_0086/2025-03-05/1/widefield.wfz,55875135627,True,55875135627,2026-08-16T16:13:34+00:00,
