session,wfz,b2_key,local_bytes,b2_bytes,present,size_matches,error
test/2026-02-17/1,Y:\Subjects\test\2026-02-17\1\widefield.wfz,subjects/test/2026-02-17/1/widefield.wfz,505364720,505364720,True,True,
AL_0033/2025-03-17/1,Y:\Subjects\AL_0033\2025-03-17\1\widefield.wfz,subjects/AL_0033/2025-03-17/1/widefield.wfz,682336506,682336506,True,True,
ZYE_0035/2021-07-17/1,Y:\Subjects\ZYE_0035\2021-07-17\1\widefield.wfz,subjects/ZYE_0035/2021-07-17/1/widefield.wfz,721753613,721753613,True,True,
AL_0048/2026-06-11/4,Y:\Subjects\AL_0048\2026-06-11\4\widefield.wfz,subjects/AL_0048/2026-06-11/4/widefield.wfz,1276669694,1276669694,True,True,
Subjects/test/2025-11-04,Y:\Subjects\test\2025-11-04\1.wfz,subjects/test/2025-11-04/1.wfz,1441369072,1441369072,True,True,
default/2025-03-05/3,Y:\Subjects\default\2025-03-05\3\widefield.wfz,subjects/default/2025-03-05/3/widefield.wfz,1860513193,1860513193,True,True,
test/2025-11-05/1,Y:\Subjects\test\2025-11-05\1\1.wfz,subjects/test/2025-11-05/1/1.wfz,4193621602,4193621602,True,True,
AL_0033/2025-02-24/3,Y:\Subjects\AL_0033\2025-02-24\3\3.wfz,subjects/AL_0033/2025-02-24/3/3.wfz,6001539791,6001539791,True,True,
ZYE_0008/2020-07-25/1,Y:\Subjects\ZYE_0008\2020-07-25\1\widefield.wfz,subjects/ZYE_0008/2020-07-25/1/widefield.wfz,8870590325,8870590325,True,True,
SM_0001/2020-09-03/1,Y:\Subjects\SM_0001\2020-09-03\1\widefield.wfz,subjects/SM_0001/2020-09-03/1/widefield.wfz,12918583663,12918583663,True,True,
AL_0023/2023-05-15/5,Y:\Subjects\AL_0023\2023-05-15\5\widefield.wfz,subjects/AL_0023/2023-05-15/5/widefield.wfz,13216733344,13216733344,True,True,
ZYE_0007/2020-07-29/1,Y:\Subjects\ZYE_0007\2020-07-29\1\widefield.wfz,subjects/ZYE_0007/2020-07-29/1/widefield.wfz,14704817866,14704817866,True,True,
ZYE_0046/2021-11-27/2,Y:\Subjects\ZYE_0046\2021-11-27\2\widefield.wfz,subjects/ZYE_0046/2021-11-27/2/widefield.wfz,192366063076,192366063076,True,True,
AL_0033/2025-01-17/1,\\sahale.biostr.washington.edu\data\Subjects\AL_0033\2025-01-17\1\widefield.wfz,subjects/AL_0033/2025-01-17/1/widefield.wfz,122923655024,122923655024,True,True,
ZYE_0069/2023-11-20/1,\\sahale.biostr.washington.edu\data\Subjects\ZYE_0069\2023-11-20\1\widefield.wfz,subjects/ZYE_0069/2023-11-20/1/widefield.wfz,130299116292,130299116292,True,True,
AL_0033/2025-06-08/2,\\sahale.biostr.washington.edu\data\Subjects\AL_0033\2025-06-08\2\widefield.wfz,subjects/AL_0033/2025-06-08/2/widefield.wfz,121988449690,121988449690,True,True,
AL_0033/2025-06-06/3,\\sahale.biostr.washington.edu\data\Subjects\AL_0033\2025-06-06\3\widefield.wfz,subjects/AL_0033/2025-06-06/3/widefield.wfz,127552796550,127552796550,True,True,
AL_0039/2025-04-26/1,\\sahale.biostr.washington.edu\data\Subjects\AL_0039\2025-04-26\1\widefield.wfz,subjects/AL_0039/2025-04-26/1/widefield.wfz,131702309610,131702309610,True,True,
AL_0033/2025-04-28/1,\\sahale.biostr.washington.edu\data\Subjects\AL_0033\2025-04-28\1\widefield.wfz,subjects/AL_0033/2025-04-28/1/widefield.wfz,129788354030,129788354030,True,True,
ZYE_0046/2021-11-29/1,\\sahale.biostr.washington.edu\data\Subjects\ZYE_0046\2021-11-29\1\widefield.wfz,subjects/ZYE_0046/2021-11-29/1/widefield.wfz,155571900071,155571900071,True,True,
AB_0032/2024-04-16/1,\\sahale.biostr.washington.edu\data\Subjects\AB_0032\2024-04-16\1\widefield.wfz,subjects/AB_0032/2024-04-16/1/widefield.wfz,145981130097,145981130097,True,True,
AL_0033/2025-03-03/2,\\sahale.biostr.washington.edu\data\Subjects\AL_0033\2025-03-03\2\widefield.wfz,subjects/AL_0033/2025-03-03/2/widefield.wfz,112440590229,112440590229,True,True,
AL_0033/2025-06-07/3,\\sahale.biostr.washington.edu\data\Subjects\AL_0033\2025-06-07\3\widefield.wfz,subjects/AL_0033/2025-06-07/3/widefield.wfz,116864674076,116864674076,True,True,
AL_0041/2026-05-27/1,\\sahale.biostr.washington.edu\data\Subjects\AL_0041\2026-05-27\1\widefield.wfz,subjects/AL_0041/2026-05-27/1/widefield.wfz,103444599577,103444599577,True,True,
LK_0003/2021-05-21/3,\\sahale.biostr.washington.edu\data\Subjects\LK_0003\2021-05-21\3\widefield.wfz,subjects/LK_0003/2021-05-21/3/widefield.wfz,118495014848,118495014848,True,True,
ZYE_0012/2020-12-03/1,\\sahale.biostr.washington.edu\data\Subjects\ZYE_0012\2020-12-03\1\widefield.wfz,subjects/ZYE_0012/2020-12-03/1/widefield.wfz,125116891125,125116891125,True,True,
LK_0001/2021-04-06/2,\\sahale.biostr.washington.edu\data\Subjects\LK_0001\2021-04-06\2\widefield.wfz,subjects/LK_0001/2021-04-06/2/widefield.wfz,132876272972,132876272972,True,True,
ZYE_0069/2023-08-17/5,\\sahale.biostr.washington.edu\data\Subjects\ZYE_0069\2023-08-17\5\widefield.wfz,subjects/ZYE_0069/2023-08-17/5/widefield.wfz,115728777689,115728777689,True,True,
LK_0001/2021-04-07/1,\\sahale.biostr.washington.edu\data\Subjects\LK_0001\2021-04-07\1\widefield.wfz,subjects/LK_0001/2021-04-07/1/widefield.wfz,126112644720,126112644720,True,True,
AL_0033/2025-04-18/4,\\sahale.biostr.washington.edu\data\Subjects\AL_0033\2025-04-18\4\widefield.wfz,subjects/AL_0033/2025-04-18/4/widefield.wfz,101477536803,101477536803,True,True,
AL_0033/2024-07-12/1,\\sahale.biostr.washington.edu\data\Subjects\AL_0033\2024-07-12\1\widefield.wfz,subjects/AL_0033/2024-07-12/1/widefield.wfz,104451825215,104451825215,True,True,
AL_0033/2025-01-21/1,\\sahale.biostr.washington.edu\data\Subjects\AL_0033\2025-01-21\1\widefield.wfz,subjects/AL_0033/2025-01-21/1/widefield.wfz,103769452226,103769452226,True,True,
AL_0048/2026-07-10/3,\\sahale.biostr.washington.edu\data\Subjects\AL_0048\2026-07-10\3\widefield.wfz,subjects/AL_0048/2026-07-10/3/widefield.wfz,99197475690,99197475690,True,True,
ZYE_0058/2022-03-09/1,\\sahale.biostr.washington.edu\data\Subjects\ZYE_0058\2022-03-09\1\widefield.wfz,subjects/ZYE_0058/2022-03-09/1/widefield.wfz,113769903627,113769903627,True,True,
AL_0039/2025-04-28/1,\\sahale.biostr.washington.edu\data\Subjects\AL_0039\2025-04-28\1\widefield.wfz,subjects/AL_0039/2025-04-28/1/widefield.wfz,110332315819,110332315819,True,True,
AB_0032/2024-06-28/1,\\sahale.biostr.washington.edu\data\Subjects\AB_0032\2024-06-28\1\widefield.wfz,subjects/AB_0032/2024-06-28/1/widefield.wfz,115379509534,115379509534,True,True,
AL_0041/2026-05-26/1,\\sahale.biostr.washington.edu\data\Subjects\AL_0041\2026-05-26\1\widefield.wfz,subjects/AL_0041/2026-05-26/1/widefield.wfz,93744301772,93744301772,True,True,
AB_0032/2024-07-24/1,\\sahale.biostr.washington.edu\data\Subjects\AB_0032\2024-07-24\1\widefield.wfz,subjects/AB_0032/2024-07-24/1/widefield.wfz,108934842267,108934842267,True,True,
AL_0033/2025-04-30/1,\\sahale.biostr.washington.edu\data\Subjects\AL_0033\2025-04-30\1\widefield.wfz,subjects/AL_0033/2025-04-30/1/widefield.wfz,100105219900,100105219900,True,True,
AL_0035/2025-04-24/1,\\sahale.biostr.washington.edu\data\Subjects\AL_0035\2025-04-24\1\widefield.wfz,subjects/AL_0035/2025-04-24/1/widefield.wfz,102843430840,102843430840,True,True,
AL_0033/2025-01-29/1,\\sahale.biostr.washington.edu\data\Subjects\AL_0033\2025-01-29\1\widefield.wfz,subjects/AL_0033/2025-01-29/1/widefield.wfz,101523992747,101523992747,True,True,
ZYE_0058/2022-01-31/1,\\sahale.biostr.washington.edu\data\Subjects\ZYE_0058\2022-01-31\1\widefield.wfz,subjects/ZYE_0058/2022-01-31/1/widefield.wfz,106119119412,106119119412,True,True,
ZYE_0069/2023-08-24/4,\\sahale.biostr.washington.edu\data\Subjects\ZYE_0069\2023-08-24\4\widefield.wfz,subjects/ZYE_0069/2023-08-24/4/widefield.wfz,108084581329,108084581329,True,True,
ZYE_0057/2022-01-28/1,\\sahale.biostr.washington.edu\data\Subjects\ZYE_0057\2022-01-28\1\widefield.wfz,subjects/ZYE_0057/2022-01-28/1/widefield.wfz,105950720320,105950720320,True,True,
AL_0046/2026-02-22/1,\\sahale.biostr.washington.edu\data\Subjects\AL_0046\2026-02-22\1\widefield.wfz,subjects/AL_0046/2026-02-22/1/widefield.wfz,90569317533,90569317533,True,True,
AL_0039/2025-06-20/3,\\sahale.biostr.washington.edu\data\Subjects\AL_0039\2025-06-20\3\widefield.wfz,subjects/AL_0039/2025-06-20/3/widefield.wfz,96217221427,96217221427,True,True,
AL_0033/2025-01-16/3,\\sahale.biostr.washington.edu\data\Subjects\AL_0033\2025-01-16\3\widefield.wfz,subjects/AL_0033/2025-01-16/3/widefield.wfz,96244698605,96244698605,True,True,
AL_0035/2025-01-08/1,\\sahale.biostr.washington.edu\data\Subjects\AL_0035\2025-01-08\1\widefield.wfz,subjects/AL_0035/2025-01-08/1/widefield.wfz,104623000213,104623000213,True,True,
ZYE_0058/2022-03-10/1,\\sahale.biostr.washington.edu\data\Subjects\ZYE_0058\2022-03-10\1\widefield.wfz,subjects/ZYE_0058/2022-03-10/1/widefield.wfz,105135575699,105135575699,True,True,
ZYE_0058/2022-02-04/1,\\sahale.biostr.washington.edu\data\Subjects\ZYE_0058\2022-02-04\1\widefield.wfz,subjects/ZYE_0058/2022-02-04/1/widefield.wfz,101516309829,101516309829,True,True,
AL_0045/2026-01-30/1,\\sahale.biostr.washington.edu\data\Subjects\AL_0045\2026-01-30\1\widefield.wfz,subjects/AL_0045/2026-01-30/1/widefield.wfz,81766777973,81766777973,True,True,
AL_0033/2025-06-23/1,\\sahale.biostr.washington.edu\data\Subjects\AL_0033\2025-06-23\1\widefield.wfz,subjects/AL_0033/2025-06-23/1/widefield.wfz,88925850844,88925850844,True,True,
ZYE_0058/2022-01-30/1,\\sahale.biostr.washington.edu\data\Subjects\ZYE_0058\2022-01-30\1\widefield.wfz,subjects/ZYE_0058/2022-01-30/1/widefield.wfz,99044019339,99044019339,True,True,
LK_0003/2021-05-20/3,\\sahale.biostr.washington.edu\data\Subjects\LK_0003\2021-05-20\3\widefield.wfz,subjects/LK_0003/2021-05-20/3/widefield.wfz,103503080117,103503080117,True,True,
AL_0039/2025-06-05/1,\\sahale.biostr.washington.edu\data\Subjects\AL_0039\2025-06-05\1\widefield.wfz,subjects/AL_0039/2025-06-05/1/widefield.wfz,92966091452,92966091452,True,True,
AL_0039/2025-06-19/1,\\sahale.biostr.washington.edu\data\Subjects\AL_0039\2025-06-19\1\widefield.wfz,subjects/AL_0039/2025-06-19/1/widefield.wfz,93183732238,93183732238,True,True,
ZYE_0058/2022-02-02/2,\\sahale.biostr.washington.edu\data\Subjects\ZYE_0058\2022-02-02\2\widefield.wfz,subjects/ZYE_0058/2022-02-02/2/widefield.wfz,100870305165,100870305165,True,True,
ZYE_0059/2022-03-14/1,\\sahale.biostr.washington.edu\data\Subjects\ZYE_0059\2022-03-14\1\widefield.wfz,subjects/ZYE_0059/2022-03-14/1/widefield.wfz,103445255389,103445255389,True,True,
ZYE_0009/2020-08-18/1,\\sahale.biostr.washington.edu\data\Subjects\ZYE_0009\2020-08-18\1\widefield.wfz,subjects/ZYE_0009/2020-08-18/1/widefield.wfz,98950145976,98950145976,True,True,
AL_0033/2025-06-18/1,\\sahale.biostr.washington.edu\data\Subjects\AL_0033\2025-06-18\1\widefield.wfz,subjects/AL_0033/2025-06-18/1/widefield.wfz,83664534869,83664534869,True,True,
ZYE_0058/2022-02-01/1,\\sahale.biostr.washington.edu\data\Subjects\ZYE_0058\2022-02-01\1\widefield.wfz,subjects/ZYE_0058/2022-02-01/1/widefield.wfz,102911300987,102911300987,True,True,
ZYE_0085/2024-07-25/3,\\sahale.biostr.washington.edu\data\Subjects\ZYE_0085\2024-07-25\3\widefield.wfz,subjects/ZYE_0085/2024-07-25/3/widefield.wfz,92703762386,92703762386,True,True,
AB_0032/2024-08-14/1,\\sahale.biostr.washington.edu\data\Subjects\AB_0032\2024-08-14\1\widefield.wfz,subjects/AB_0032/2024-08-14/1/widefield.wfz,93748471303,,False,False,FileNotPresent: File not present: subjects/AB_0032/2024-08-14/1/widefield.wfz
ZYE_0009/2020-08-17/1,\\sahale.biostr.washington.edu\data\Subjects\ZYE_0009\2020-08-17\1\widefield.wfz,subjects/ZYE_0009/2020-08-17/1/widefield.wfz,98207070777,98207070777,True,True,
AL_0046/2026-02-12/1,\\sahale.biostr.washington.edu\data\Subjects\AL_0046\2026-02-12\1\widefield.wfz,subjects/AL_0046/2026-02-12/1/widefield.wfz,79572518795,,False,False,FileNotPresent: File not present: subjects/AL_0046/2026-02-12/1/widefield.wfz
AL_0039/2025-10-03/1,\\sahale.biostr.washington.edu\data\Subjects\AL_0039\2025-10-03\1\widefield.wfz,subjects/AL_0039/2025-10-03/1/widefield.wfz,73752810761,73752810761,True,True,
AL_0023/2023-08-30/1,\\sahale.biostr.washington.edu\data\Subjects\AL_0023\2023-08-30\1\widefield.wfz,subjects/AL_0023/2023-08-30/1/widefield.wfz,95222436473,,False,False,FileNotPresent: File not present: subjects/AL_0023/2023-08-30/1/widefield.wfz
LK_0003/2021-04-06/1,\\sahale.biostr.washington.edu\data\Subjects\LK_0003\2021-04-06\1\widefield.wfz,subjects/LK_0003/2021-04-06/1/widefield.wfz,97114576223,97114576223,True,True,
AL_0039/2025-05-13/1,\\sahale.biostr.washington.edu\data\Subjects\AL_0039\2025-05-13\1\widefield.wfz,subjects/AL_0039/2025-05-13/1/widefield.wfz,89498459839,,False,False,FileNotPresent: File not present: subjects/AL_0039/2025-05-13/1/widefield.wfz
AL_0039/2025-05-12/1,\\sahale.biostr.washington.edu\data\Subjects\AL_0039\2025-05-12\1\widefield.wfz,subjects/AL_0039/2025-05-12/1/widefield.wfz,88906795786,,False,False,FileNotPresent: File not present: subjects/AL_0039/2025-05-12/1/widefield.wfz
AL_0039/2025-06-25/1,\\sahale.biostr.washington.edu\data\Subjects\AL_0039\2025-06-25\1\widefield.wfz,subjects/AL_0039/2025-06-25/1/widefield.wfz,85151734904,,False,False,FileNotPresent: File not present: subjects/AL_0039/2025-06-25/1/widefield.wfz
AL_0033/2025-05-12/3,\\sahale.biostr.washington.edu\data\Subjects\AL_0033\2025-05-12\3\widefield.wfz,subjects/AL_0033/2025-05-12/3/widefield.wfz,85369271959,85369271959,True,True,
ZYE_0009/2020-08-30/1,\\sahale.biostr.washington.edu\data\Subjects\ZYE_0009\2020-08-30\1\widefield.wfz,subjects/ZYE_0009/2020-08-30/1/widefield.wfz,91639712045,91639712045,True,True,
AL_0033/2024-09-23/1,\\sahale.biostr.washington.edu\data\Subjects\AL_0033\2024-09-23\1\widefield.wfz,subjects/AL_0033/2024-09-23/1/widefield.wfz,90461735952,,False,False,FileNotPresent: File not present: subjects/AL_0033/2024-09-23/1/widefield.wfz
AL_0039/2025-05-14/1,\\sahale.biostr.washington.edu\data\Subjects\AL_0039\2025-05-14\1\widefield.wfz,subjects/AL_0039/2025-05-14/1/widefield.wfz,91876625168,,False,False,FileNotPresent: File not present: subjects/AL_0039/2025-05-14/1/widefield.wfz
AL_0033/2024-12-17/1,\\sahale.biostr.washington.edu\data\Subjects\AL_0033\2024-12-17\1\widefield.wfz,subjects/AL_0033/2024-12-17/1/widefield.wfz,91181826996,,False,False,FileNotPresent: File not present: subjects/AL_0033/2024-12-17/1/widefield.wfz
ZYE_0085/2024-07-24/1,\\sahale.biostr.washington.edu\data\Subjects\ZYE_0085\2024-07-24\1\widefield.wfz,subjects/ZYE_0085/2024-07-24/1/widefield.wfz,87370529528,87370529528,True,True,
ZYE_0085/2024-07-29/7,\\sahale.biostr.washington.edu\data\Subjects\ZYE_0085\2024-07-29\7\widefield.wfz,subjects/ZYE_0085/2024-07-29/7/widefield.wfz,86460907985,86460907985,True,True,
AL_0033/2024-07-18/1,\\sahale.biostr.washington.edu\data\Subjects\AL_0033\2024-07-18\1\widefield.wfz,subjects/AL_0033/2024-07-18/1/widefield.wfz,87673388684,,False,False,FileNotPresent: File not present: subjects/AL_0033/2024-07-18/1/widefield.wfz
AB_0032/2024-05-02/1,\\sahale.biostr.washington.edu\data\Subjects\AB_0032\2024-05-02\1\widefield.wfz,subjects/AB_0032/2024-05-02/1/widefield.wfz,86255371309,,False,False,FileNotPresent: File not present: subjects/AB_0032/2024-05-02/1/widefield.wfz
ZYE_0058/2022-01-29/1,\\sahale.biostr.washington.edu\data\Subjects\ZYE_0058\2022-01-29\1\widefield.wfz,subjects/ZYE_0058/2022-01-29/1/widefield.wfz,92549602124,92549602124,True,True,
AL_0033/2024-11-21/1,\\sahale.biostr.washington.edu\data\Subjects\AL_0033\2024-11-21\1\widefield.wfz,subjects/AL_0033/2024-11-21/1/widefield.wfz,87683477207,,False,False,FileNotPresent: File not present: subjects/AL_0033/2024-11-21/1/widefield.wfz
AL_0036/2025-01-08/1,\\sahale.biostr.washington.edu\data\Subjects\AL_0036\2025-01-08\1\widefield.wfz,subjects/AL_0036/2025-01-08/1/widefield.wfz,91890037894,,False,False,FileNotPresent: File not present: subjects/AL_0036/2025-01-08/1/widefield.wfz
AL_0039/2025-06-18/2,\\sahale.biostr.washington.edu\data\Subjects\AL_0039\2025-06-18\2\widefield.wfz,subjects/AL_0039/2025-06-18/2/widefield.wfz,80933265821,,False,False,FileNotPresent: File not present: subjects/AL_0039/2025-06-18/2/widefield.wfz
AL_0039/2025-10-02/1,\\sahale.biostr.washington.edu\data\Subjects\AL_0039\2025-10-02\1\widefield.wfz,subjects/AL_0039/2025-10-02/1/widefield.wfz,102737582949,,False,False,FileNotPresent: File not present: subjects/AL_0039/2025-10-02/1/widefield.wfz
AL_0033/2024-08-09/1,\\sahale.biostr.washington.edu\data\Subjects\AL_0033\2024-08-09\1\widefield.wfz,subjects/AL_0033/2024-08-09/1/widefield.wfz,87305399347,,False,False,FileNotPresent: File not present: subjects/AL_0033/2024-08-09/1/widefield.wfz
ZYE_0049/2021-12-04/1,\\sahale.biostr.washington.edu\data\Subjects\ZYE_0049\2021-12-04\1\widefield.wfz,subjects/ZYE_0049/2021-12-04/1/widefield.wfz,96260009447,96260009447,True,True,
AL_0033/2024-08-18/1,\\sahale.biostr.washington.edu\data\Subjects\AL_0033\2024-08-18\1\widefield.wfz,subjects/AL_0033/2024-08-18/1/widefield.wfz,84055864052,,False,False,FileNotPresent: File not present: subjects/AL_0033/2024-08-18/1/widefield.wfz
ZYE_0049/2021-12-01/2,\\sahale.biostr.washington.edu\data\Subjects\ZYE_0049\2021-12-01\2\widefield.wfz,subjects/ZYE_0049/2021-12-01/2/widefield.wfz,92733745745,92733745745,True,True,
AB_0032/2024-07-29/1,\\sahale.biostr.washington.edu\data\Subjects\AB_0032\2024-07-29\1\widefield.wfz,subjects/AB_0032/2024-07-29/1/widefield.wfz,90634212367,,False,False,FileNotPresent: File not present: subjects/AB_0032/2024-07-29/1/widefield.wfz
ZYE_0009/2020-08-15/1,\\sahale.biostr.washington.edu\data\Subjects\ZYE_0009\2020-08-15\1\widefield.wfz,subjects/ZYE_0009/2020-08-15/1/widefield.wfz,88654585848,88654585848,True,True,
AL_0033/2025-02-13/2,\\sahale.biostr.washington.edu\data\Subjects\AL_0033\2025-02-13\2\widefield.wfz,subjects/AL_0033/2025-02-13/2/widefield.wfz,85146418186,,False,False,FileNotPresent: File not present: subjects/AL_0033/2025-02-13/2/widefield.wfz
AL_0033/2025-04-03/1,\\sahale.biostr.washington.edu\data\Subjects\AL_0033\2025-04-03\1\widefield.wfz,subjects/AL_0033/2025-04-03/1/widefield.wfz,83070913477,,False,False,FileNotPresent: File not present: subjects/AL_0033/2025-04-03/1/widefield.wfz
AL_0039/2025-06-17/1,\\sahale.biostr.washington.edu\data\Subjects\AL_0039\2025-06-17\1\widefield.wfz,subjects/AL_0039/2025-06-17/1/widefield.wfz,81870200196,,False,False,FileNotPresent: File not present: subjects/AL_0039/2025-06-17/1/widefield.wfz
AL_0033/2024-09-09/1,\\sahale.biostr.washington.edu\data\Subjects\AL_0033\2024-09-09\1\widefield.wfz,subjects/AL_0033/2024-09-09/1/widefield.wfz,85010438628,,False,False,FileNotPresent: File not present: subjects/AL_0033/2024-09-09/1/widefield.wfz
AL_0033/2025-01-18/1,\\sahale.biostr.washington.edu\data\Subjects\AL_0033\2025-01-18\1\widefield.wfz,subjects/AL_0033/2025-01-18/1/widefield.wfz,73954012380,,False,False,FileNotPresent: File not present: subjects/AL_0033/2025-01-18/1/widefield.wfz
ZYE_0041/2021-09-02/2,\\sahale.biostr.washington.edu\data\Subjects\ZYE_0041\2021-09-02\2\widefield.wfz,subjects/ZYE_0041/2021-09-02/2/widefield.wfz,87971194094,87971194094,True,True,
AL_0033/2024-07-19/1,\\sahale.biostr.washington.edu\data\Subjects\AL_0033\2024-07-19\1\widefield.wfz,subjects/AL_0033/2024-07-19/1/widefield.wfz,83326587452,,False,False,FileNotPresent: File not present: subjects/AL_0033/2024-07-19/1/widefield.wfz
AL_0039/2025-07-03/1,\\sahale.biostr.washington.edu\data\Subjects\AL_0039\2025-07-03\1\widefield.wfz,subjects/AL_0039/2025-07-03/1/widefield.wfz,79419635591,,False,False,FileNotPresent: File not present: subjects/AL_0039/2025-07-03/1/widefield.wfz
ZYE_0057/2022-01-30/1,\\sahale.biostr.washington.edu\data\Subjects\ZYE_0057\2022-01-30\1\widefield.wfz,subjects/ZYE_0057/2022-01-30/1/widefield.wfz,88635708134,88635708134,True,True,
AL_0033/2024-06-22/1,\\sahale.biostr.washington.edu\data\Subjects\AL_0033\2024-06-22\1\widefield.wfz,subjects/AL_0033/2024-06-22/1/widefield.wfz,81558255681,,False,False,FileNotPresent: File not present: subjects/AL_0033/2024-06-22/1/widefield.wfz
AL_0034/2024-08-13/1,\\sahale.biostr.washington.edu\data\Subjects\AL_0034\2024-08-13\1\widefield.wfz,subjects/AL_0034/2024-08-13/1/widefield.wfz,85792040615,,False,False,FileNotPresent: File not present: subjects/AL_0034/2024-08-13/1/widefield.wfz
AL_0033/2025-05-10/1,\\sahale.biostr.washington.edu\data\Subjects\AL_0033\2025-05-10\1\widefield.wfz,subjects/AL_0033/2025-05-10/1/widefield.wfz,79389318430,,False,False,FileNotPresent: File not present: subjects/AL_0033/2025-05-10/1/widefield.wfz
AL_0033/2024-08-26/1,\\sahale.biostr.washington.edu\data\Subjects\AL_0033\2024-08-26\1\widefield.wfz,subjects/AL_0033/2024-08-26/1/widefield.wfz,81056923136,,False,False,FileNotPresent: File not present: subjects/AL_0033/2024-08-26/1/widefield.wfz
ZYE_0059/2022-03-09/1,\\sahale.biostr.washington.edu\data\Subjects\ZYE_0059\2022-03-09\1\widefield.wfz,subjects/ZYE_0059/2022-03-09/1/widefield.wfz,90813498833,90813498833,True,True,
AL_0032/2024-04-19/1,\\sahale.biostr.washington.edu\data\Subjects\AL_0032\2024-04-19\1\widefield.wfz,subjects/AL_0032/2024-04-19/1/widefield.wfz,80129584131,,False,False,FileNotPresent: File not present: subjects/AL_0032/2024-04-19/1/widefield.wfz
AL_0034/2024-08-27/1,\\sahale.biostr.washington.edu\data\Subjects\AL_0034\2024-08-27\1\widefield.wfz,subjects/AL_0034/2024-08-27/1/widefield.wfz,82285347753,,False,False,FileNotPresent: File not present: subjects/AL_0034/2024-08-27/1/widefield.wfz
AL_0033/2024-08-23/1,\\sahale.biostr.washington.edu\data\Subjects\AL_0033\2024-08-23\1\widefield.wfz,subjects/AL_0033/2024-08-23/1/widefield.wfz,79578314527,,False,False,FileNotPresent: File not present: subjects/AL_0033/2024-08-23/1/widefield.wfz
AL_0034/2024-09-03/1,\\sahale.biostr.washington.edu\data\Subjects\AL_0034\2024-09-03\1\widefield.wfz,subjects/AL_0034/2024-09-03/1/widefield.wfz,84674361220,,False,False,FileNotPresent: File not present: subjects/AL_0034/2024-09-03/1/widefield.wfz
ZYE_0046/2021-11-24/1,\\sahale.biostr.washington.edu\data\Subjects\ZYE_0046\2021-11-24\1\widefield.wfz,subjects/ZYE_0046/2021-11-24/1/widefield.wfz,88251027950,88251027950,True,True,
AL_0048/2026-07-15/1,\\sahale.biostr.washington.edu\data\Subjects\AL_0048\2026-07-15\1\widefield.wfz,subjects/AL_0048/2026-07-15/1/widefield.wfz,74082381893,,False,False,FileNotPresent: File not present: subjects/AL_0048/2026-07-15/1/widefield.wfz
AL_0033/2024-09-16/1,\\sahale.biostr.washington.edu\data\Subjects\AL_0033\2024-09-16\1\widefield.wfz,subjects/AL_0033/2024-09-16/1/widefield.wfz,81341106681,,False,False,FileNotPresent: File not present: subjects/AL_0033/2024-09-16/1/widefield.wfz
AB_0032/2024-04-30/1,\\sahale.biostr.washington.edu\data\Subjects\AB_0032\2024-04-30\1\widefield.wfz,subjects/AB_0032/2024-04-30/1/widefield.wfz,83289731594,,False,False,FileNotPresent: File not present: subjects/AB_0032/2024-04-30/1/widefield.wfz
ZYE_0067/2022-10-26/3,\\sahale.biostr.washington.edu\data\Subjects\ZYE_0067\2022-10-26\3\widefield.wfz,subjects/ZYE_0067/2022-10-26/3/widefield.wfz,88181171294,88181171294,True,True,
ZYE_0091/2024-07-13/1,\\sahale.biostr.washington.edu\data\Subjects\ZYE_0091\2024-07-13\1\widefield.wfz,subjects/ZYE_0091/2024-07-13/1/widefield.wfz,77156586633,77156586633,True,True,
AB_0032/2024-08-13/2,\\sahale.biostr.washington.edu\data\Subjects\AB_0032\2024-08-13\2\widefield.wfz,subjects/AB_0032/2024-08-13/2/widefield.wfz,80549036669,,False,False,FileNotPresent: File not present: subjects/AB_0032/2024-08-13/2/widefield.wfz
AL_0039/2025-06-26/1,\\sahale.biostr.washington.edu\data\Subjects\AL_0039\2025-06-26\1\widefield.wfz,subjects/AL_0039/2025-06-26/1/widefield.wfz,74665774902,,False,False,FileNotPresent: File not present: subjects/AL_0039/2025-06-26/1/widefield.wfz
ZYE_0048/2021-12-07/1,\\sahale.biostr.washington.edu\data\Subjects\ZYE_0048\2021-12-07\1\widefield.wfz,subjects/ZYE_0048/2021-12-07/1/widefield.wfz,84262103754,84262103754,True,True,
AB_0032/2024-06-27/1,\\sahale.biostr.washington.edu\data\Subjects\AB_0032\2024-06-27\1\widefield.wfz,subjects/AB_0032/2024-06-27/1/widefield.wfz,85011481838,,False,False,FileNotPresent: File not present: subjects/AB_0032/2024-06-27/1/widefield.wfz
ZYE_0057/2022-01-29/1,\\sahale.biostr.washington.edu\data\Subjects\ZYE_0057\2022-01-29\1\widefield.wfz,subjects/ZYE_0057/2022-01-29/1/widefield.wfz,85772236511,85772236511,True,True,
AB_0026/2024-03-13/1,\\sahale.biostr.washington.edu\data\Subjects\AB_0026\2024-03-13\1\widefield.wfz,subjects/AB_0026/2024-03-13/1/widefield.wfz,83683699319,,False,False,FileNotPresent: File not present: subjects/AB_0026/2024-03-13/1/widefield.wfz
AB_0032/2024-03-13/1,\\sahale.biostr.washington.edu\data\Subjects\AB_0032\2024-03-13\1\widefield.wfz,subjects/AB_0032/2024-03-13/1/widefield.wfz,83683699319,,False,False,FileNotPresent: File not present: subjects/AB_0032/2024-03-13/1/widefield.wfz
AL_0033/2024-08-24/1,\\sahale.biostr.washington.edu\data\Subjects\AL_0033\2024-08-24\1\widefield.wfz,subjects/AL_0033/2024-08-24/1/widefield.wfz,75640273544,,False,False,FileNotPresent: File not present: subjects/AL_0033/2024-08-24/1/widefield.wfz
AL_0039/2025-05-25/1,\\sahale.biostr.washington.edu\data\Subjects\AL_0039\2025-05-25\1\widefield.wfz,subjects/AL_0039/2025-05-25/1/widefield.wfz,79243746762,,False,False,FileNotPresent: File not present: subjects/AL_0039/2025-05-25/1/widefield.wfz
ZYE_0009/2020-08-16/1,\\sahale.biostr.washington.edu\data\Subjects\ZYE_0009\2020-08-16\1\widefield.wfz,subjects/ZYE_0009/2020-08-16/1/widefield.wfz,83117802873,83117802873,True,True,
AL_0032/2024-05-15/1,\\sahale.biostr.washington.edu\data\Subjects\AL_0032\2024-05-15\1\widefield.wfz,subjects/AL_0032/2024-05-15/1/widefield.wfz,77942716370,,False,False,FileNotPresent: File not present: subjects/AL_0032/2024-05-15/1/widefield.wfz
AL_0033/2025-02-24/2,\\sahale.biostr.washington.edu\data\Subjects\AL_0033\2025-02-24\2\widefield.wfz,subjects/AL_0033/2025-02-24/2/widefield.wfz,75587614645,,False,False,FileNotPresent: File not present: subjects/AL_0033/2025-02-24/2/widefield.wfz
AL_0035/2025-04-27/1,\\sahale.biostr.washington.edu\data\Subjects\AL_0035\2025-04-27\1\widefield.wfz,subjects/AL_0035/2025-04-27/1/widefield.wfz,79917312819,,False,False,FileNotPresent: File not present: subjects/AL_0035/2025-04-27/1/widefield.wfz
AL_0048/2026-07-21/1,\\sahale.biostr.washington.edu\data\Subjects\AL_0048\2026-07-21\1\widefield.wfz,subjects/AL_0048/2026-07-21/1/widefield.wfz,73531455035,,False,False,FileNotPresent: File not present: subjects/AL_0048/2026-07-21/1/widefield.wfz
AL_0033/2025-02-12/2,\\sahale.biostr.washington.edu\data\Subjects\AL_0033\2025-02-12\2\widefield.wfz,subjects/AL_0033/2025-02-12/2/widefield.wfz,75230804757,,False,False,FileNotPresent: File not present: subjects/AL_0033/2025-02-12/2/widefield.wfz
AL_0035/2025-01-19/1,\\sahale.biostr.washington.edu\data\Subjects\AL_0035\2025-01-19\1\widefield.wfz,subjects/AL_0035/2025-01-19/1/widefield.wfz,83901202143,,False,False,FileNotPresent: File not present: subjects/AL_0035/2025-01-19/1/widefield.wfz
ZYE_0085/2024-07-14/2,\\sahale.biostr.washington.edu\data\Subjects\ZYE_0085\2024-07-14\2\widefield.wfz,subjects/ZYE_0085/2024-07-14/2/widefield.wfz,77677631805,77677631805,True,True,
FD_004/2025-11-17/1,\\sahale.biostr.washington.edu\data\Subjects\FD_004\2025-11-17\1\widefield.wfz,subjects/FD_004/2025-11-17/1/widefield.wfz,43964377439,,False,False,FileNotPresent: File not present: subjects/FD_004/2025-11-17/1/widefield.wfz
ZYE_0052/2021-12-20/1,\\sahale.biostr.washington.edu\data\Subjects\ZYE_0052\2021-12-20\1\widefield.wfz,subjects/ZYE_0052/2021-12-20/1/widefield.wfz,83527645002,83527645002,True,True,
ZYE_0058/2022-03-11/1,\\sahale.biostr.washington.edu\data\Subjects\ZYE_0058\2022-03-11\1\widefield.wfz,subjects/ZYE_0058/2022-03-11/1/widefield.wfz,85039488951,85039488951,True,True,
AB_0032/2024-03-14/1,\\sahale.biostr.washington.edu\data\Subjects\AB_0032\2024-03-14\1\widefield.wfz,subjects/AB_0032/2024-03-14/1/widefield.wfz,80405867355,,False,False,FileNotPresent: File not present: subjects/AB_0032/2024-03-14/1/widefield.wfz
AL_0032/2024-06-12/1,\\sahale.biostr.washington.edu\data\Subjects\AL_0032\2024-06-12\1\widefield.wfz,subjects/AL_0032/2024-06-12/1/widefield.wfz,74990806433,,False,False,FileNotPresent: File not present: subjects/AL_0032/2024-06-12/1/widefield.wfz
AL_0034/2024-07-25/1,\\sahale.biostr.washington.edu\data\Subjects\AL_0034\2024-07-25\1\widefield.wfz,subjects/AL_0034/2024-07-25/1/widefield.wfz,78799730822,,False,False,FileNotPresent: File not present: subjects/AL_0034/2024-07-25/1/widefield.wfz
AL_0039/2025-07-01/1,\\sahale.biostr.washington.edu\data\Subjects\AL_0039\2025-07-01\1\widefield.wfz,subjects/AL_0039/2025-07-01/1/widefield.wfz,72640159655,,False,False,FileNotPresent: File not present: subjects/AL_0039/2025-07-01/1/widefield.wfz
AL_0039/2025-05-11/1,\\sahale.biostr.washington.edu\data\Subjects\AL_0039\2025-05-11\1\widefield.wfz,subjects/AL_0039/2025-05-11/1/widefield.wfz,80389751653,,False,False,FileNotPresent: File not present: subjects/AL_0039/2025-05-11/1/widefield.wfz
AB_0032/2024-04-25/1,\\sahale.biostr.washington.edu\data\Subjects\AB_0032\2024-04-25\1\widefield.wfz,subjects/AB_0032/2024-04-25/1/widefield.wfz,77410504675,,False,False,FileNotPresent: File not present: subjects/AB_0032/2024-04-25/1/widefield.wfz
ZYE_0059/2022-03-16/1,\\sahale.biostr.washington.edu\data\Subjects\ZYE_0059\2022-03-16\1\widefield.wfz,subjects/ZYE_0059/2022-03-16/1/widefield.wfz,81966409414,81966409414,True,True,
ZYE_0045/2021-09-22/1,\\sahale.biostr.washington.edu\data\Subjects\ZYE_0045\2021-09-22\1\widefield.wfz,subjects/ZYE_0045/2021-09-22/1/widefield.wfz,80691064604,,False,False,FileNotPresent: File not present: subjects/ZYE_0045/2021-09-22/1/widefield.wfz
AL_0033/2024-07-09/1,\\sahale.biostr.washington.edu\data\Subjects\AL_0033\2024-07-09\1\widefield.wfz,subjects/AL_0033/2024-07-09/1/widefield.wfz,75977832896,,False,False,FileNotPresent: File not present: subjects/AL_0033/2024-07-09/1/widefield.wfz
AL_0038/2025-02-18/1,\\sahale.biostr.washington.edu\data\Subjects\AL_0038\2025-02-18\1\widefield.wfz,subjects/AL_0038/2025-02-18/1/widefield.wfz,69272315337,,False,False,FileNotPresent: File not present: subjects/AL_0038/2025-02-18/1/widefield.wfz
AB_0032/2024-04-15/1,\\sahale.biostr.washington.edu\data\Subjects\AB_0032\2024-04-15\1\widefield.wfz,subjects/AB_0032/2024-04-15/1/widefield.wfz,72994129787,,False,False,FileNotPresent: File not present: subjects/AB_0032/2024-04-15/1/widefield.wfz
ZYE_0098/2025-07-26/1,\\sahale.biostr.washington.edu\data\Subjects\ZYE_0098\2025-07-26\1\widefield.wfz,subjects/ZYE_0098/2025-07-26/1/widefield.wfz,67212590763,67212590763,True,True,
AL_0039/2025-07-05/2,\\sahale.biostr.washington.edu\data\Subjects\AL_0039\2025-07-05\2\widefield.wfz,subjects/AL_0039/2025-07-05/2/widefield.wfz,71769598696,,False,False,FileNotPresent: File not present: subjects/AL_0039/2025-07-05/2/widefield.wfz
AB_0004/2021-03-30/1,\\sahale.biostr.washington.edu\data\Subjects\AB_0004\2021-03-30\1\widefield.wfz,subjects/AB_0004/2021-03-30/1/widefield.wfz,85185484475,,False,False,FileNotPresent: File not present: subjects/AB_0004/2021-03-30/1/widefield.wfz
AL_0035/2025-04-25/1,\\sahale.biostr.washington.edu\data\Subjects\AL_0035\2025-04-25\1\widefield.wfz,subjects/AL_0035/2025-04-25/1/widefield.wfz,74055122711,,False,False,FileNotPresent: File not present: subjects/AL_0035/2025-04-25/1/widefield.wfz
AL_0035/2025-04-25/2,\\sahale.biostr.washington.edu\data\Subjects\AL_0035\2025-04-25\2\widefield.wfz,subjects/AL_0035/2025-04-25/2/widefield.wfz,74055122711,,False,False,FileNotPresent: File not present: subjects/AL_0035/2025-04-25/2/widefield.wfz
AL_0033/2025-06-24/1,\\sahale.biostr.washington.edu\data\Subjects\AL_0033\2025-06-24\1\widefield.wfz,subjects/AL_0033/2025-06-24/1/widefield.wfz,70830783483,,False,False,FileNotPresent: File not present: subjects/AL_0033/2025-06-24/1/widefield.wfz
AB_0032/2024-06-21/1,\\sahale.biostr.washington.edu\data\Subjects\AB_0032\2024-06-21\1\widefield.wfz,subjects/AB_0032/2024-06-21/1/widefield.wfz,77986009498,,False,False,FileNotPresent: File not present: subjects/AB_0032/2024-06-21/1/widefield.wfz
ZYE_0062/2022-03-29/1,\\sahale.biostr.washington.edu\data\Subjects\ZYE_0062\2022-03-29\1\widefield.wfz,subjects/ZYE_0062/2022-03-29/1/widefield.wfz,79653686578,,False,False,FileNotPresent: File not present: subjects/ZYE_0062/2022-03-29/1/widefield.wfz
AL_0035/2024-08-14/1,\\sahale.biostr.washington.edu\data\Subjects\AL_0035\2024-08-14\1\widefield.wfz,subjects/AL_0035/2024-08-14/1/widefield.wfz,75687580453,,False,False,FileNotPresent: File not present: subjects/AL_0035/2024-08-14/1/widefield.wfz
ZYE_0091/2024-07-11/1,\\sahale.biostr.washington.edu\data\Subjects\ZYE_0091\2024-07-11\1\widefield.wfz,subjects/ZYE_0091/2024-07-11/1/widefield.wfz,72377416755,72377416755,True,True,
AL_0039/2025-07-02/1,\\sahale.biostr.washington.edu\data\Subjects\AL_0039\2025-07-02\1\widefield.wfz,subjects/AL_0039/2025-07-02/1/widefield.wfz,70472290794,,False,False,FileNotPresent: File not present: subjects/AL_0039/2025-07-02/1/widefield.wfz
FD_004/2025-11-14/4,\\sahale.biostr.washington.edu\data\Subjects\FD_004\2025-11-14\4\widefield.wfz,subjects/FD_004/2025-11-14/4/widefield.wfz,42165363056,,False,False,FileNotPresent: File not present: subjects/FD_004/2025-11-14/4/widefield.wfz
ZYE_0049/2021-12-02/1,\\sahale.biostr.washington.edu\data\Subjects\ZYE_0049\2021-12-02\1\widefield.wfz,subjects/ZYE_0049/2021-12-02/1/widefield.wfz,79520568350,,False,False,FileNotPresent: File not present: subjects/ZYE_0049/2021-12-02/1/widefield.wfz
ZYE_0090/2024-08-12/1,\\sahale.biostr.washington.edu\data\Subjects\ZYE_0090\2024-08-12\1\widefield.wfz,subjects/ZYE_0090/2024-08-12/1/widefield.wfz,72312861447,72312861447,True,True,
AL_0034/2024-09-19/2,\\sahale.biostr.washington.edu\data\Subjects\AL_0034\2024-09-19\2\widefield.wfz,subjects/AL_0034/2024-09-19/2/widefield.wfz,75069958172,,False,False,FileNotPresent: File not present: subjects/AL_0034/2024-09-19/2/widefield.wfz
AL_0033/2025-03-05/1,\\sahale.biostr.washington.edu\data\Subjects\AL_0033\2025-03-05\1\widefield.wfz,subjects/AL_0033/2025-03-05/1/widefield.wfz,74619219130,,False,False,FileNotPresent: File not present: subjects/AL_0033/2025-03-05/1/widefield.wfz
AL_0033/2024-08-30/2,\\sahale.biostr.washington.edu\data\Subjects\AL_0033\2024-08-30\2\widefield.wfz,subjects/AL_0033/2024-08-30/2/widefield.wfz,72453869885,,False,False,FileNotPresent: File not present: subjects/AL_0033/2024-08-30/2/widefield.wfz
ZYE_0085/2024-07-11/1,\\sahale.biostr.washington.edu\data\Subjects\ZYE_0085\2024-07-11\1\widefield.wfz,subjects/ZYE_0085/2024-07-11/1/widefield.wfz,73161418469,,False,False,FileNotPresent: File not present: subjects/ZYE_0085/2024-07-11/1/widefield.wfz
AL_0039/2025-06-27/1,\\sahale.biostr.washington.edu\data\Subjects\AL_0039\2025-06-27\1\widefield.wfz,subjects/AL_0039/2025-06-27/1/widefield.wfz,68429933719,,False,False,FileNotPresent: File not present: subjects/AL_0039/2025-06-27/1/widefield.wfz
AL_0036/2024-12-19/1,\\sahale.biostr.washington.edu\data\Subjects\AL_0036\2024-12-19\1\widefield.wfz,subjects/AL_0036/2024-12-19/1/widefield.wfz,77009653161,,False,False,FileNotPresent: File not present: subjects/AL_0036/2024-12-19/1/widefield.wfz
AL_0033/2024-07-26/1,\\sahale.biostr.washington.edu\data\Subjects\AL_0033\2024-07-26\1\widefield.wfz,subjects/AL_0033/2024-07-26/1/widefield.wfz,71877214874,,False,False,FileNotPresent: File not present: subjects/AL_0033/2024-07-26/1/widefield.wfz
AL_0034/2024-08-20/1,\\sahale.biostr.washington.edu\data\Subjects\AL_0034\2024-08-20\1\widefield.wfz,subjects/AL_0034/2024-08-20/1/widefield.wfz,76461902411,,False,False,FileNotPresent: File not present: subjects/AL_0034/2024-08-20/1/widefield.wfz
ZYE_0089/2024-07-09/1,\\sahale.biostr.washington.edu\data\Subjects\ZYE_0089\2024-07-09\1\widefield.wfz,subjects/ZYE_0089/2024-07-09/1/widefield.wfz,70658157871,,False,False,FileNotPresent: File not present: subjects/ZYE_0089/2024-07-09/1/widefield.wfz
ZYE_0085/2024-07-10/1,\\sahale.biostr.washington.edu\data\Subjects\ZYE_0085\2024-07-10\1\widefield.wfz,subjects/ZYE_0085/2024-07-10/1/widefield.wfz,72064338440,,False,False,FileNotPresent: File not present: subjects/ZYE_0085/2024-07-10/1/widefield.wfz
ZYE_0041/2021-09-03/2,\\sahale.biostr.washington.edu\data\Subjects\ZYE_0041\2021-09-03\2\widefield.wfz,subjects/ZYE_0041/2021-09-03/2/widefield.wfz,74726288387,,False,False,FileNotPresent: File not present: subjects/ZYE_0041/2021-09-03/2/widefield.wfz
ZYE_0088/2024-07-11/1,\\sahale.biostr.washington.edu\data\Subjects\ZYE_0088\2024-07-11\1\widefield.wfz,subjects/ZYE_0088/2024-07-11/1/widefield.wfz,73937138593,,False,False,FileNotPresent: File not present: subjects/ZYE_0088/2024-07-11/1/widefield.wfz
ZYE_0085/2024-07-16/1,\\sahale.biostr.washington.edu\data\Subjects\ZYE_0085\2024-07-16\1\widefield.wfz,subjects/ZYE_0085/2024-07-16/1/widefield.wfz,72066814067,,False,False,FileNotPresent: File not present: subjects/ZYE_0085/2024-07-16/1/widefield.wfz
ZYE_0046/2021-11-22/1,\\sahale.biostr.washington.edu\data\Subjects\ZYE_0046\2021-11-22\1\widefield.wfz,subjects/ZYE_0046/2021-11-22/1/widefield.wfz,77009828725,,False,False,FileNotPresent: File not present: subjects/ZYE_0046/2021-11-22/1/widefield.wfz
ZYE_0062/2022-03-30/1,\\sahale.biostr.washington.edu\data\Subjects\ZYE_0062\2022-03-30\1\widefield.wfz,subjects/ZYE_0062/2022-03-30/1/widefield.wfz,77671332655,,False,False,FileNotPresent: File not present: subjects/ZYE_0062/2022-03-30/1/widefield.wfz
AL_0033/2025-08-05/4,\\sahale.biostr.washington.edu\data\Subjects\AL_0033\2025-08-05\4\widefield.wfz,subjects/AL_0033/2025-08-05/4/widefield.wfz,66762322481,,False,False,FileNotPresent: File not present: subjects/AL_0033/2025-08-05/4/widefield.wfz
AL_0036/2025-01-16/2,\\sahale.biostr.washington.edu\data\Subjects\AL_0036\2025-01-16\2\widefield.wfz,subjects/AL_0036/2025-01-16/2/widefield.wfz,72597134441,,False,False,FileNotPresent: File not present: subjects/AL_0036/2025-01-16/2/widefield.wfz
AL_0033/2025-04-15/1,\\sahale.biostr.washington.edu\data\Subjects\AL_0033\2025-04-15\1\widefield.wfz,subjects/AL_0033/2025-04-15/1/widefield.wfz,69461410139,,False,False,FileNotPresent: File not present: subjects/AL_0033/2025-04-15/1/widefield.wfz
AL_0033/2025-02-26/2,\\sahale.biostr.washington.edu\data\Subjects\AL_0033\2025-02-26\2\widefield.wfz,subjects/AL_0033/2025-02-26/2/widefield.wfz,69602838388,,False,False,FileNotPresent: File not present: subjects/AL_0033/2025-02-26/2/widefield.wfz
AB_0005/2021-03-30/1,\\sahale.biostr.washington.edu\data\Subjects\AB_0005\2021-03-30\1\widefield.wfz,subjects/AB_0005/2021-03-30/1/widefield.wfz,77263434270,,False,False,FileNotPresent: File not present: subjects/AB_0005/2021-03-30/1/widefield.wfz
AL_0033/2024-06-21/2,\\sahale.biostr.washington.edu\data\Subjects\AL_0033\2024-06-21\2\widefield.wfz,subjects/AL_0033/2024-06-21/2/widefield.wfz,70940782071,,False,False,FileNotPresent: File not present: subjects/AL_0033/2024-06-21/2/widefield.wfz
ZYE_0067/2022-10-23/2,\\sahale.biostr.washington.edu\data\Subjects\ZYE_0067\2022-10-23\2\widefield.wfz,subjects/ZYE_0067/2022-10-23/2/widefield.wfz,80222738252,,False,False,FileNotPresent: File not present: subjects/ZYE_0067/2022-10-23/2/widefield.wfz
AL_0032/2024-04-19/2,\\sahale.biostr.washington.edu\data\Subjects\AL_0032\2024-04-19\2\widefield.wfz,subjects/AL_0032/2024-04-19/2/widefield.wfz,69248939984,,False,False,FileNotPresent: File not present: subjects/AL_0032/2024-04-19/2/widefield.wfz
ZYE_0085/2024-07-23/1,\\sahale.biostr.washington.edu\data\Subjects\ZYE_0085\2024-07-23\1\widefield.wfz,subjects/ZYE_0085/2024-07-23/1/widefield.wfz,70615861708,,False,False,FileNotPresent: File not present: subjects/ZYE_0085/2024-07-23/1/widefield.wfz
ZYE_0055/2022-01-10/1,\\sahale.biostr.washington.edu\data\Subjects\ZYE_0055\2022-01-10\1\widefield.wfz,subjects/ZYE_0055/2022-01-10/1/widefield.wfz,78429963118,,False,False,FileNotPresent: File not present: subjects/ZYE_0055/2022-01-10/1/widefield.wfz
ZYE_0091/2024-07-16/1,\\sahale.biostr.washington.edu\data\Subjects\ZYE_0091\2024-07-16\1\widefield.wfz,subjects/ZYE_0091/2024-07-16/1/widefield.wfz,68954230814,,False,False,FileNotPresent: File not present: subjects/ZYE_0091/2024-07-16/1/widefield.wfz
AL_0035/2025-01-25/1,\\sahale.biostr.washington.edu\data\Subjects\AL_0035\2025-01-25\1\widefield.wfz,subjects/AL_0035/2025-01-25/1/widefield.wfz,74476795122,,False,False,FileNotPresent: File not present: subjects/AL_0035/2025-01-25/1/widefield.wfz
ZYE_0070/2023-01-16/1,\\sahale.biostr.washington.edu\data\Subjects\ZYE_0070\2023-01-16\1\widefield.wfz,subjects/ZYE_0070/2023-01-16/1/widefield.wfz,74396371953,,False,False,FileNotPresent: File not present: subjects/ZYE_0070/2023-01-16/1/widefield.wfz
ZYE_0043/2021-09-25/1,\\sahale.biostr.washington.edu\data\Subjects\ZYE_0043\2021-09-25\1\widefield.wfz,subjects/ZYE_0043/2021-09-25/1/widefield.wfz,74829612861,,False,False,FileNotPresent: File not present: subjects/ZYE_0043/2021-09-25/1/widefield.wfz
ZYE_0071/2023-01-17/3,\\sahale.biostr.washington.edu\data\Subjects\ZYE_0071\2023-01-17\3\widefield.wfz,subjects/ZYE_0071/2023-01-17/3/widefield.wfz,72915105556,,False,False,FileNotPresent: File not present: subjects/ZYE_0071/2023-01-17/3/widefield.wfz
ZYE_0066/2022-10-23/6,\\sahale.biostr.washington.edu\data\Subjects\ZYE_0066\2022-10-23\6\widefield.wfz,subjects/ZYE_0066/2022-10-23/6/widefield.wfz,74457947832,,False,False,FileNotPresent: File not present: subjects/ZYE_0066/2022-10-23/6/widefield.wfz
ZYE_0091/2024-07-17/2,\\sahale.biostr.washington.edu\data\Subjects\ZYE_0091\2024-07-17\2\widefield.wfz,subjects/ZYE_0091/2024-07-17/2/widefield.wfz,67859167746,,False,False,FileNotPresent: File not present: subjects/ZYE_0091/2024-07-17/2/widefield.wfz
AL_0033/2025-03-28/3,\\sahale.biostr.washington.edu\data\Subjects\AL_0033\2025-03-28\3\widefield.wfz,subjects/AL_0033/2025-03-28/3/widefield.wfz,65635193902,,False,False,FileNotPresent: File not present: subjects/AL_0033/2025-03-28/3/widefield.wfz
AL_0033/2025-08-04/1,\\sahale.biostr.washington.edu\data\Subjects\AL_0033\2025-08-04\1\widefield.wfz,subjects/AL_0033/2025-08-04/1/widefield.wfz,64191425947,,False,False,FileNotPresent: File not present: subjects/AL_0033/2025-08-04/1/widefield.wfz
ZYE_0072/2023-01-22/1,\\sahale.biostr.washington.edu\data\Subjects\ZYE_0072\2023-01-22\1\widefield.wfz,subjects/ZYE_0072/2023-01-22/1/widefield.wfz,66466635583,,False,False,FileNotPresent: File not present: subjects/ZYE_0072/2023-01-22/1/widefield.wfz
FD_012/2026-04-23/1,\\sahale.biostr.washington.edu\data\Subjects\FD_012\2026-04-23\1\widefield.wfz,subjects/FD_012/2026-04-23/1/widefield.wfz,42991937505,,False,False,FileNotPresent: File not present: subjects/FD_012/2026-04-23/1/widefield.wfz
FD_012/2026-04-21/1,\\sahale.biostr.washington.edu\data\Subjects\FD_012\2026-04-21\1\widefield.wfz,subjects/FD_012/2026-04-21/1/widefield.wfz,43757735598,,False,False,FileNotPresent: File not present: subjects/FD_012/2026-04-21/1/widefield.wfz
FD_011/2026-03-03/1,\\sahale.biostr.washington.edu\data\Subjects\FD_011\2026-03-03\1\widefield.wfz,subjects/FD_011/2026-03-03/1/widefield.wfz,44586924187,,False,False,FileNotPresent: File not present: subjects/FD_011/2026-03-03/1/widefield.wfz
FD_011/2026-04-13/1,\\sahale.biostr.washington.edu\data\Subjects\FD_011\2026-04-13\1\widefield.wfz,subjects/FD_011/2026-04-13/1/widefield.wfz,39881150064,,False,False,FileNotPresent: File not present: subjects/FD_011/2026-04-13/1/widefield.wfz
FD_011/2026-03-02/2,\\sahale.biostr.washington.edu\data\Subjects\FD_011\2026-03-02\2\widefield.wfz,subjects/FD_011/2026-03-02/2/widefield.wfz,49238370184,,False,False,FileNotPresent: File not present: subjects/FD_011/2026-03-02/2/widefield.wfz
FD_011/2026-02-25/1,\\sahale.biostr.washington.edu\data\Subjects\FD_011\2026-02-25\1\widefield.wfz,subjects/FD_011/2026-02-25/1/widefield.wfz,51404634215,,False,False,FileNotPresent: File not present: subjects/FD_011/2026-02-25/1/widefield.wfz
FD_011/2026-02-28/1,\\sahale.biostr.washington.edu\data\Subjects\FD_011\2026-02-28\1\widefield.wfz,subjects/FD_011/2026-02-28/1/widefield.wfz,53028007662,,False,False,FileNotPresent: File not present: subjects/FD_011/2026-02-28/1/widefield.wfz
AL_0038/2025-05-02/1,\\sahale.biostr.washington.edu\data\Subjects\AL_0038\2025-05-02\1\widefield.wfz,subjects/AL_0038/2025-05-02/1/widefield.wfz,56232822204,,False,False,FileNotPresent: File not present: subjects/AL_0038/2025-05-02/1/widefield.wfz
FD_011/2026-04-06/1,\\sahale.biostr.washington.edu\data\Subjects\FD_011\2026-04-06\1\widefield.wfz,subjects/FD_011/2026-04-06/1/widefield.wfz,39814009609,,False,False,FileNotPresent: File not present: subjects/FD_011/2026-04-06/1/widefield.wfz
ZYE_0053/2021-12-19/2,\\sahale.biostr.washington.edu\data\Subjects\ZYE_0053\2021-12-19\2\widefield.wfz,subjects/ZYE_0053/2021-12-19/2/widefield.wfz,75632310897,,False,False,FileNotPresent: File not present: subjects/ZYE_0053/2021-12-19/2/widefield.wfz
AL_0041/2026-04-16/1,\\sahale.biostr.washington.edu\data\Subjects\AL_0041\2026-04-16\1\widefield.wfz,subjects/AL_0041/2026-04-16/1/widefield.wfz,61672924287,,False,False,FileNotPresent: File not present: subjects/AL_0041/2026-04-16/1/widefield.wfz
AL_0032/2024-04-27/1,\\sahale.biostr.washington.edu\data\Subjects\AL_0032\2024-04-27\1\widefield.wfz,subjects/AL_0032/2024-04-27/1/widefield.wfz,67403461757,,False,False,FileNotPresent: File not present: subjects/AL_0032/2024-04-27/1/widefield.wfz
ZYE_0078/2024-07-23/1,\\sahale.biostr.washington.edu\data\Subjects\ZYE_0078\2024-07-23\1\widefield.wfz,subjects/ZYE_0078/2024-07-23/1/widefield.wfz,64670861250,,False,False,FileNotPresent: File not present: subjects/ZYE_0078/2024-07-23/1/widefield.wfz
ZYE_0094/2025-07-18/1,\\sahale.biostr.washington.edu\data\Subjects\ZYE_0094\2025-07-18\1\widefield.wfz,subjects/ZYE_0094/2025-07-18/1/widefield.wfz,60079077564,,False,False,FileNotPresent: File not present: subjects/ZYE_0094/2025-07-18/1/widefield.wfz
ZYE_0091/2024-07-15/1,\\sahale.biostr.washington.edu\data\Subjects\ZYE_0091\2024-07-15\1\widefield.wfz,subjects/ZYE_0091/2024-07-15/1/widefield.wfz,66864336914,,False,False,FileNotPresent: File not present: subjects/ZYE_0091/2024-07-15/1/widefield.wfz
ZYE_0091/2024-07-14/3,\\sahale.biostr.washington.edu\data\Subjects\ZYE_0091\2024-07-14\3\widefield.wfz,subjects/ZYE_0091/2024-07-14/3/widefield.wfz,66981034703,,False,False,FileNotPresent: File not present: subjects/ZYE_0091/2024-07-14/3/widefield.wfz
AL_0033/2025-01-28/1,\\sahale.biostr.washington.edu\data\Subjects\AL_0033\2025-01-28\1\widefield.wfz,subjects/AL_0033/2025-01-28/1/widefield.wfz,67466248948,,False,False,FileNotPresent: File not present: subjects/AL_0033/2025-01-28/1/widefield.wfz
