path,kind,bytes,shape,dtype,maxval,low_zero,high_zero,payload,ormask
Y:\Subjects\ZYE_0054\2021-12-17\2\widefield.tar,basler-tiff,30417071616,"(560, 560)",uint16,65520,4,0,12,1111111111110000
Z:\Subjects_archive1\AD_0011\2020-02-19\2\widefield.tar,basler-tiff,186337376256,"(609, 616)",uint16,60432,4,0,12,1111111111110000
Z:\Subjects_OLD\ZYE_0069\2023-07-14\6\widefield.tar,basler-tiff,52787049984,"(560, 560)",uint16,65520,4,0,12,1111111111110000
Y:\Subjects\AL_0039\2025-06-10\5\widefield.tar,basler-tiff,54969054720,"(560, 560)",uint16,26816,4,1,11,0111111111110000
Y:\Subjects\AB_0032\2024-03-13\1\widefield.tar,basler-tiff,192130960896,"(560, 560)",uint16,49920,4,0,12,1111111111110000
Y:\Subjects\AL_0033\2025-06-10\3\widefield.tar,basler-tiff,57801610752,"(560, 560)",uint16,26736,4,1,11,0111111111110000
Y:\Subjects\ZYE_0055\2022-01-07\2\widefield.tar,basler-tiff,28238863872,"(560, 560)",uint16,65520,4,0,12,1111111111110000
Z:\Subjects_OLD\ZYE_0066\2022-10-25\6\widefield.tar,basler-tiff,138695259648,"(560, 560)",uint16,65520,4,0,12,1111111111110000
Y:\Subjects\ZYE_0090\2024-07-16\3\widefield.tar,basler-tiff,60294968832,"(560, 560)",uint16,28048,4,1,11,0111111111110000
Y:\Subjects\ZYE_0090\2025-06-07\2\widefield.tar,basler-tiff,121045575168,"(560, 560)",uint16,25744,4,1,11,0111111111110000
Z:\Subjects_OLD\AL_0023\2023-08-24\1\widefield.tar,basler-tiff,160874755584,"(560, 560)",uint16,65520,4,0,12,1111111111110000
Y:\Subjects\AL_0048\2026-06-11\6\widefield.tar,frame-N,18659368448,"(560, 560)",uint16,1868,0,5,11,0000011111111111
Y:\Subjects\ZYE_0096\2025-07-12\2\widefield.tar,basler-tiff,125458312704,"(560, 560)",uint16,9120,4,2,10,0011111111110000
Y:\Subjects\AL_0033\2025-01-14\7\widefield.tar,basler-tiff,93119331840,"(560, 560)",uint16,48832,4,0,12,1111111111110000
Y:\Subjects\FD_011\2026-03-02\2\widefield.tar,basler-tiff,220096571392,"(560, 560)",uint16,15104,4,2,10,0011111111110000
Y:\Subjects\ZYE_0076\2024-05-30\5\widefield.tar,basler-tiff,32979408384,"(560, 560)",uint16,63632,4,0,12,1111111111110000
Y:\Subjects\AL_0046\2026-02-18\1\widefield.tar,basler-tiff,76032867840,"(560, 560)",uint16,56336,4,0,12,1111111111110000
Y:\Subjects\ZYE_0046\2021-11-30\6\widefield.tar,basler-tiff,124664741376,"(560, 560)",uint16,64480,4,0,12,1111111111110000
Z:\Subjects_archive1\test\2020-09-06\1\widefield.tar,basler-tiff,11429376,"(532, 532)",uint16,65520,4,0,12,1111111111110000
Z:\Subjects_OLD\ZYE_0067\2022-10-26\3\widefield.tar,basler-tiff,194292082176,"(560, 560)",uint16,65520,4,0,12,1111111111110000
Z:\Subjects_OLD\ZYE_0069\2023-08-24\4\widefield.tar,basler-tiff,244725628416,"(560, 560)",uint16,65072,4,0,12,1111111111110000
Y:\Subjects\ZYE_0012\2020-10-14\1\widefield.tar,basler-tiff,30081493504,"(512, 512)",uint16,65520,4,0,12,1111111111110000
Z:\Subjects_OLD\ZYE_0031\2021-03-20\1\widefield.tar,basler-tiff,33436352000,"(512, 512)",uint16,65520,4,0,12,1111111111110000
Y:\Subjects\ZYE_0009\2020-09-02\1\widefield.tar,basler-tiff,155688067584,"(540, 540)",uint16,50480,4,0,12,1111111111110000
Y:\Subjects\AB_0032\2024-08-13\2\widefield.tar,basler-tiff,193300434432,"(560, 560)",uint16,26656,4,1,11,0111111111110000
Z:\Subjects_OLD\ZYE_0048\2021-10-08\1\widefield.tar,basler-tiff,37454163456,"(560, 560)",uint16,62064,4,0,12,1111111111110000
Y:\Subjects\ZYE_0085\2024-07-22\7\widefield.tar,basler-tiff,119257191936,"(560, 560)",uint16,28800,4,1,11,0111111111110000
Z:\Subjects_archive1\DPR_0008\2020-09-04\1\widefield.tar,basler-tiff,112059452928,"(540, 540)",uint16,60224,4,0,12,1111111111110000
Y:\Subjects\AL_0033\2025-03-03\2\widefield.tar,frame-N,290073876992,"(560, 560)",uint16,1754,0,5,11,0000011111111111
Y:\Subjects\FD_006\2025-11-26\1\widefield.tar,basler-tiff,79180574208,"(560, 560)",uint16,15568,4,2,10,0011111111110000
Y:\Subjects\ZYE_0098\2025-07-15\1\widefield.tar,basler-tiff,103566755328,"(560, 560)",uint16,22864,4,1,11,0111111111110000
Y:\Subjects\ZYE_0092\2025-06-24\1\widefield.tar,basler-tiff,101039224320,"(560, 560)",uint16,7920,4,3,9,0001111111110000
Y:\Subjects\AL_0027\2023-10-24\1\widefield.tar,basler-tiff,63553420800,"(560, 560)",uint16,65520,4,0,12,1111111111110000
Z:\Subjects_OLD\AL_0023\2023-08-11\1\widefield.tar,basler-tiff,62002982400,"(560, 560)",uint16,65520,4,0,12,1111111111110000
Y:\Subjects\AL_0036\2024-12-17\1\widefield.tar,basler-tiff,110813314560,"(560, 560)",uint16,65520,4,0,12,1111111111110000
Y:\Subjects\AL_0034\2024-08-26\1\widefield.tar,basler-tiff,109105300992,"(560, 560)",uint16,59680,4,0,12,1111111111110000
Y:\Subjects\AL_0048\2026-06-20\2\widefield.tar,frame-N,34349029888,"(560, 560)",uint16,1516,0,5,11,0000011111111111
Z:\Subjects_OLD\ZYE_0014\2020-12-10\1\widefield.tar,basler-tiff,136994380288,"(512, 512)",uint16,52848,4,0,12,1111111111110000
Y:\Subjects\FD_004\2025-08-22\4\widefield.tar,basler-tiff,61349899776,"(560, 560)",uint16,4944,4,3,9,0001111111110000
Y:\Subjects\FD_005\2026-02-10\1\widefield.tar,basler-tiff,25087993344,"(560, 560)",uint16,27232,4,1,11,0111111111110000
Z:\Subjects_OLD\ZYE_0049\2021-12-02\3\widefield.tar,basler-tiff,28420486656,"(560, 560)",uint16,65520,4,0,12,1111111111110000
Y:\Subjects\ZYE_0098\2025-07-07\1\widefield.tar,basler-tiff,28848913920,"(560, 560)",uint16,15392,4,2,10,0011111111110000
Y:\Subjects\AL_0041\2026-03-10\2\widefield.tar,frame-N,33543047680,"(560, 560)",uint16,1641,0,5,11,0000011111111111
Y:\Subjects\ZYE_0085\2024-07-10\1\widefield.tar,basler-tiff,175612780032,"(560, 560)",uint16,49392,4,0,12,1111111111110000
Y:\Subjects\ZYE_0031\2021-04-22\7\widefield.tar,basler-tiff,4273382912,"(512, 512)",uint16,26304,4,1,11,0111111111110000
Y:\Subjects\ZYE_0055\2022-01-07\4\widefield.tar,basler-tiff,145042564608,"(560, 560)",uint16,65520,4,0,12,1111111111110000
Z:\Subjects_archive1\AD_0008\2019-10-23\102319- light at 0.14.tar,basler-tiff,8500379136,"(666, 820)",uint16,62640,4,0,12,1111111111110000
Y:\Subjects\ZYE_0085\2024-07-26\1\widefield.tar,basler-tiff,128953443840,"(560, 560)",uint16,36304,4,0,12,1111111111110000
Y:\Subjects\ZYE_0077\2024-05-04\2\widefield.tar,basler-tiff,30262027776,"(560, 560)",uint16,16656,4,1,11,0111111111110000
Y:\Subjects\ZYE_0085\2024-07-24\1\widefield.tar,basler-tiff,212070231552,"(560, 560)",uint16,28736,4,1,11,0111111111110000
Z:\Subjects_OLD\ZYE_0009\2020-08-26\1\widefield.tar,basler-tiff,103499274240,"(540, 540)",uint16,40000,4,0,12,1111111111110000
Y:\Subjects\FD_004\2025-11-14\4\widefield.tar,basler-tiff,177977549824,"(560, 560)",uint16,14368,4,2,10,0011111111110000
Y:\Subjects\ZYE_0090\2024-08-19\1\widefield.tar,basler-tiff,113922418176,"(560, 560)",uint16,32128,4,1,11,0111111111110000
Y:\Subjects\AL_0038\2025-04-04\2\widefield.tar,basler-tiff,136100648448,"(560, 560)",uint16,23632,4,1,11,0111111111110000
Y:\Subjects\ZYE_0092\2025-06-23\2\widefield.tar,basler-tiff,95407019520,"(560, 560)",uint16,7504,4,3,9,0001111111110000
Y:\Subjects\FD_005\2025-08-18\1\widefield.tar,basler-tiff,73859089920,"(560, 560)",uint16,8688,4,2,10,0011111111110000
Z:\Subjects_archive1\AD_0008\2020-01-08\5\widefield.tar,basler-tiff,209264661504,"(666, 660)",uint16,64192,4,0,12,1111111111110000
Z:\Subjects_OLD\AL_0014\2022-08-08\1\widefield.tar,basler-tiff,128783844864,"(560, 560)",uint16,65520,4,0,12,1111111111110000
Y:\Subjects\AL_0033\2025-02-21\2\widefield.tar,frame-N,113862564352,"(560, 560)",uint16,1869,0,5,11,0000011111111111
Y:\Subjects\ZYE_0091\2025-05-06\2\widefield.tar,basler-tiff,49934876160,"(560, 560)",uint16,35408,4,0,12,1111111111110000
Z:\Subjects_archive1\ZYE_0019\2020-11-12\3\widefield.tar,basler-tiff,12429442560,"(512, 512)",uint16,65520,4,0,12,1111111111110000
Z:\Subjects_OLD\ZYE_0048\2021-12-08\6\widefield.tar,basler-tiff,75598745088,"(560, 560)",uint16,65520,4,0,12,1111111111110000
Y:\Subjects\ZYE_0051\2021-12-15\3\widefield.tar,basler-tiff,49309638144,"(560, 560)",uint16,65520,4,0,12,1111111111110000
Y:\Subjects\AL_0033\2025-06-23\1\widefield.tar,basler-tiff,231719665152,"(560, 560)",uint16,25504,4,1,11,0111111111110000
Z:\Subjects_OLD\ZYE_0055\2022-01-23\2\widefield.tar,basler-tiff,154024349184,"(560, 560)",uint16,65520,4,0,12,1111111111110000
Y:\Subjects\LK_0001\2021-04-13\3\widefield.tar,basler-tiff,2532160000,"(512, 512)",uint16,65520,4,0,12,1111111111110000
Z:\Subjects_OLD\ZYE_0043\2021-09-23\1\widefield.tar,basler-tiff,119154673152,"(560, 560)",uint16,65520,4,0,12,1111111111110000
Y:\Subjects\ZYE_0089\2024-07-11\5\widefield.tar,basler-tiff,158511760896,"(560, 560)",uint16,23344,4,1,11,0111111111110000
Y:\Subjects\ZYE_0089\2025-05-05\1\widefield.tar,basler-tiff,14620319232,"(560, 560)",uint16,29952,4,1,11,0111111111110000
Z:\Subjects_OLD\LK_0003\2021-07-17\1\widefield.tar,basler-tiff,61049743872,"(512, 512)",uint16,65520,4,0,12,1111111111110000
Y:\Subjects\ZYE_0091\2025-06-06\2\widefield.tar,basler-tiff,119352749568,"(560, 560)",uint16,30528,4,1,11,0111111111110000
Y:\Subjects\ZYE_0070\2023-01-17\5\widefield.tar,basler-tiff,98346323968,"(551, 548)",uint16,65520,4,0,12,1111111111110000
Y:\Subjects\AL_0032\2024-04-28\1\widefield.tar,basler-tiff,151915752960,"(560, 560)",uint16,65520,4,0,12,1111111111110000
Z:\Subjects_archive1\DPR_0006\2020-08-05\1\widefield.tar,basler-tiff,71193438720,"(540, 540)",uint16,65520,4,0,12,1111111111110000
Y:\Subjects\ZYE_0089\2024-07-09\3\widefield.tar,basler-tiff,35760705024,"(560, 560)",uint16,25952,4,1,11,0111111111110000
Y:\Subjects\ZYE_0089\2025-05-02\5\widefield.tar,basler-tiff,96151229952,"(560, 560)",uint16,24176,4,1,11,0111111111110000
Y:\Subjects\AL_0046\2026-03-04\1\widefield.tar,basler-tiff,92640910848,"(560, 560)",uint16,8944,4,2,10,0011111111110000
Z:\Subjects_archive1\DPR_0008\2020-08-31\1\widefield.tar,basler-tiff,229232891904,"(540, 540)",uint16,53600,4,0,12,1111111111110000
Y:\Subjects\ZYE_0098\2025-11-20\6\widefield.tar,basler-tiff,52774393344,"(560, 560)",uint16,39056,4,0,12,1111111111110000
Y:\Subjects\FD_011\2026-02-11\1\widefield.tar,basler-tiff,112004937216,"(560, 560)",uint16,36992,4,0,12,1111111111110000
Y:\Subjects\AL_0030\2024-01-23\1\widefield.tar,basler-tiff,136961096192,"(560, 560)",uint16,65520,4,0,12,1111111111110000
Z:\Subjects_OLD\ZYE_0056\2021-12-18\1\widefield.tar,basler-tiff,29541864960,"(560, 560)",uint16,65520,4,0,12,1111111111110000
Y:\Subjects\ZYE_0097\2025-07-07\1\widefield.tar,basler-tiff,30879038976,"(560, 560)",uint16,23312,4,1,11,0111111111110000
Y:\Subjects\ZYE_0041\2021-09-02\7\widefield.tar,basler-tiff,138379476480,"(560, 560)",uint16,65520,4,0,12,1111111111110000
Z:\Subjects_OLD\LK_0001\2021-04-22\3\widefield.tar,basler-tiff,3268037120,"(512, 512)",uint16,65520,4,0,12,1111111111110000
Y:\Subjects\ZYE_0091\2024-07-09\3\widefield.tar,basler-tiff,30566419968,"(560, 560)",uint16,30304,4,1,11,0111111111110000
Y:\Subjects\AL_0035\2024-12-19\2\widefield.tar,basler-tiff,131862572544,"(560, 560)",uint16,47600,4,0,12,1111111111110000
Z:\Subjects_archive1\AD_0006\2019-12-04\2\widefield.tar,basler-tiff,143378528256,"(666, 820)",uint16,65520,4,0,12,1111111111110000
Z:\Subjects_OLD\ZYE_0034\2021-05-06\8\widefield.tar,basler-tiff,33656585728,"(512, 512)",uint16,65520,4,0,12,1111111111110000
Z:\Subjects_OLD\ZYE_0072\2023-01-15\1\widefield.tar,basler-tiff,148160527872,"(560, 560)",uint16,65520,4,0,12,1111111111110000
