session,verdict,C1,C2,C3,C4,C5,C7,tar_bytes_now,wfz_bytes_now,b2_wfz_bytes,notes
AB_0003/2021-04-19/1,PASS,pass,pass,pass,pass,pass,pass,134969924096,65149088729,65149088729,
AB_0004/2021-03-30/1,PASS,pass,pass,pass,pass,pass,pass,182436115968,85185484475,85185484475,
AB_0005/2021-03-30/1,PASS,pass,pass,pass,pass,pass,pass,172251364864,77263434270,77263434270,
AB_0026/2024-03-12/1,PASS,pass,pass,pass,pass,pass,pass,129452748288,56659468530,56659468530,
AB_0026/2024-03-13/1,PASS,pass,pass,pass,pass,pass,pass,192130960896,83683699319,83683699319,
AB_0032/2024-03-12/1,PASS,pass,pass,pass,pass,pass,pass,129452748288,56659468529,56659468529,
AB_0032/2024-03-13/1,PASS,pass,pass,pass,pass,pass,pass,192130960896,83683699319,83683699319,
AB_0032/2024-03-14/1,PASS,pass,pass,pass,pass,pass,pass,185266632192,80405867355,80405867355,
AB_0032/2024-04-15/1,PASS,pass,pass,pass,pass,pass,pass,183547860480,72994129787,72994129787,
AB_0032/2024-04-16/1,PASS,pass,pass,pass,pass,pass,pass,344282758656,145981130097,145981130097,
AB_0032/2024-04-25/1,PASS,pass,pass,pass,pass,pass,pass,184153480704,77410504675,77410504675,
AB_0032/2024-04-30/1,PASS,pass,pass,pass,pass,pass,pass,194390171136,83289731594,83289731594,
AB_0032/2024-05-02/1,PASS,pass,pass,pass,pass,pass,pass,210604592640,86255371309,86255371309,
AB_0032/2024-06-21/1,PASS,pass,pass,pass,pass,pass,pass,180702647808,77986009498,77986009498,
AB_0032/2024-06-27/1,PASS,pass,pass,pass,pass,pass,pass,193293473280,85011481838,85011481838,
AB_0032/2024-06-28/1,PASS,pass,pass,pass,pass,pass,pass,267169648128,115379509534,115379509534,
AB_0032/2024-07-08/1,PASS,pass,pass,pass,pass,pass,pass,151111423488,65705722562,65705722562,
AB_0032/2024-07-19/1,PASS,pass,pass,pass,pass,pass,pass,148181411328,63600345054,63600345054,
AB_0032/2024-07-24/1,PASS,pass,pass,pass,pass,pass,pass,246396304896,108934842267,108934842267,
AB_0032/2024-07-29/1,PASS,pass,pass,pass,pass,pass,pass,206220332544,90634212367,90634212367,
AB_0032/2024-08-13/2,PASS,pass,pass,pass,pass,pass,pass,193300434432,80549036669,80549036669,
AB_0032/2024-08-14/1,PASS,pass,pass,pass,pass,pass,pass,226635492864,93748471303,93748471303,
AL_0014/2022-08-08/1,PASS,pass,pass,pass,pass,pass,pass,128783844864,56537226330,56537226330,
AL_0014/2022-08-09/2,PASS,pass,pass,pass,pass,pass,pass,138402258432,62623767180,62623767180,
AL_0014/2022-08-17/1,PASS,pass,pass,pass,pass,pass,pass,159801472512,60480065463,60480065463,
AL_0016/2022-10-04/1,PASS,pass,pass,pass,pass,pass,pass,143087113728,61821484753,61821484753,
AL_0023/2023-05-15/5,PASS,pass,pass,pass,pass,pass,pass,31639918080,13216733344,13216733344,
AL_0023/2023-07-10/1,PASS,pass,pass,pass,pass,pass,pass,128938888704,56284823321,56284823321,
AL_0023/2023-08-23/3,PASS,pass,pass,pass,pass,pass,pass,160343809536,68857642098,68857642098,
AL_0023/2023-08-24/1,PASS,pass,pass,pass,pass,pass,pass,160874755584,69923786543,69923786543,
AL_0023/2023-08-25/2,PASS,pass,pass,pass,pass,pass,pass,150930433536,64315974376,64315974376,
AL_0023/2023-08-30/1,PASS,pass,pass,pass,pass,pass,pass,217932787200,95222436473,95222436473,
AL_0023/2023-10-27/1,PASS,pass,pass,pass,pass,pass,pass,87872522240,38684634249,38684634249,
AL_0027/2023-12-07/1,PASS,pass,pass,pass,pass,pass,pass,138092803584,60008741519,60008741519,
AL_0030/2024-01-18/2,PASS,pass,pass,pass,pass,pass,pass,135088750080,53899081450,53899081450,
AL_0030/2024-01-23/1,PASS,pass,pass,pass,pass,pass,pass,67890851840,25990932550,25990932550,
AL_0032/2024-04-09/1,PASS,pass,pass,pass,pass,pass,pass,138663618048,58786392694,58786392694,
AL_0032/2024-04-14/1,PASS,pass,pass,pass,pass,pass,pass,160635545088,67990951969,67990951969,
AL_0032/2024-04-19/1,PASS,pass,pass,pass,pass,pass,pass,197884669440,80129584131,80129584131,
AL_0032/2024-04-19/2,PASS,pass,pass,pass,pass,pass,pass,171086765568,69248939984,69248939984,
AL_0032/2024-04-27/1,PASS,pass,pass,pass,pass,pass,pass,164628082176,67403461757,67403461757,
AL_0032/2024-04-28/1,PASS,pass,pass,pass,pass,pass,pass,151915752960,64441528746,64441528746,
AL_0032/2024-05-12/1,PASS,pass,pass,pass,pass,pass,pass,143971180032,57934816102,57934816102,
AL_0032/2024-05-15/1,PASS,pass,pass,pass,pass,pass,pass,189282584064,77942716370,77942716370,
AL_0032/2024-06-10/1,REFUSE,pass,pass,pass,pass,pass,fail,118348445184,48191484631,,C7: FileNotPresent: File not present: subjects/AL_0032/2024-06-10/1/widefield.wfz
AL_0032/2024-06-12/1,PASS,pass,pass,pass,pass,pass,pass,184983123456,74990806433,74990806433,
AL_0033/2024-06-21/2,PASS,pass,pass,pass,pass,pass,pass,172054998528,70940782071,70940782071,
AL_0033/2024-06-22/1,PASS,pass,pass,pass,pass,pass,pass,199984406016,81558255681,81558255681,
AL_0033/2024-07-09/1,PASS,pass,pass,pass,pass,pass,pass,183598487040,75977832896,75977832896,
AL_0033/2024-07-12/1,PASS,pass,pass,pass,pass,pass,pass,252944217600,104451825215,104451825215,
AL_0033/2024-07-18/1,PASS,pass,pass,pass,pass,pass,pass,210998214144,87673388684,87673388684,
AL_0033/2024-07-19/1,PASS,pass,pass,pass,pass,pass,pass,202618885632,83326587452,83326587452,
AL_0033/2024-07-25/1,PASS,pass,pass,pass,pass,pass,pass,136525278720,55470916045,55470916045,
AL_0033/2024-07-26/1,PASS,pass,pass,pass,pass,pass,pass,175910843904,71877214874,71877214874,
AL_0033/2024-08-09/1,PASS,pass,pass,pass,pass,pass,pass,209076936192,87305399347,87305399347,
AL_0033/2024-08-16/1,REFUSE,pass,pass,pass,pass,pass,fail,124417304064,50563629109,,C7: FileNotPresent: File not present: subjects/AL_0033/2024-08-16/1/widefield.wfz
AL_0033/2024-08-18/1,PASS,pass,pass,pass,pass,pass,pass,207552443904,84055864052,84055864052,
AL_0033/2024-08-23/1,PASS,pass,pass,pass,pass,pass,pass,197001868800,79578314527,79578314527,
AL_0033/2024-08-24/1,PASS,pass,pass,pass,pass,pass,pass,191799356928,75640273544,75640273544,
AL_0033/2024-08-26/1,PASS,pass,pass,pass,pass,pass,pass,199056041472,81056923136,81056923136,
AL_0033/2024-08-30/2,PASS,pass,pass,pass,pass,pass,pass,177894139392,72453869885,72453869885,
AL_0033/2024-09-09/1,PASS,pass,pass,pass,pass,pass,pass,204374361600,85010438628,85010438628,
AL_0033/2024-09-16/1,PASS,pass,pass,pass,pass,pass,pass,194669250048,81341106681,81341106681,
AL_0033/2024-09-23/1,PASS,pass,pass,pass,pass,pass,pass,212984040960,90461735952,90461735952,
AL_0033/2024-11-21/1,PASS,pass,pass,pass,pass,pass,pass,209657243136,87683477207,87683477207,
AL_0033/2024-12-17/1,PASS,pass,pass,pass,pass,pass,pass,212073395712,91181826996,91181826996,
AL_0033/2024-12-20/1,PASS,pass,pass,pass,pass,pass,pass,158142819840,67644542180,67644542180,
AL_0033/2024-12-20/7,PASS,pass,pass,pass,pass,pass,pass,151196990464,65605579581,65605579581,
AL_0033/2024-12-23/1,PASS,pass,pass,pass,pass,pass,pass,145081192448,60944010459,60944010459,
AL_0033/2025-01-07/1,PASS,pass,pass,pass,pass,pass,pass,156721479168,65336814915,65336814915,
AL_0033/2025-01-16/3,PASS,pass,pass,pass,pass,pass,pass,233675836928,96244698605,96244698605,
AL_0033/2025-01-17/1,PASS,pass,pass,pass,pass,pass,pass,294340435456,122923655024,122923655024,
AL_0033/2025-01-18/1,PASS,pass,pass,pass,pass,pass,pass,203782308352,73954012380,73954012380,
AL_0033/2025-01-20/2,PASS,pass,pass,pass,pass,pass,pass,154354382336,56889765357,56889765357,
AL_0033/2025-01-21/1,PASS,pass,pass,pass,pass,pass,pass,251222914560,103769452226,103769452226,
AL_0033/2025-01-28/1,PASS,pass,pass,pass,pass,pass,pass,163194084864,67466248948,67466248948,
AL_0033/2025-01-29/1,PASS,pass,pass,pass,pass,pass,pass,242555450880,101523992747,101523992747,
AL_0033/2025-02-12/2,PASS,pass,pass,pass,pass,pass,pass,187632534016,75230804757,75230804757,
AL_0033/2025-02-13/2,PASS,pass,pass,pass,pass,pass,pass,205231695360,85146418186,85146418186,
AL_0033/2025-02-24/2,PASS,pass,pass,pass,pass,pass,pass,188462369280,75587614645,75587614645,
AL_0033/2025-02-24/3,PASS,pass,pass,pass,pass,pass,pass,17471109632,6001539791,6001539791,
AL_0033/2025-02-26/2,PASS,pass,pass,pass,pass,pass,pass,173607564800,69602838388,69602838388,
AL_0033/2025-03-03/2,PASS,pass,pass,pass,pass,pass,pass,290073876992,112440590229,112440590229,
AL_0033/2025-03-05/1,PASS,pass,pass,pass,pass,pass,pass,176954525184,74619219130,74619219130,
AL_0033/2025-03-17/1,PASS,pass,pass,pass,pass,pass,pass,1610082816,682336506,682336506,
AL_0033/2025-03-28/3,PASS,pass,pass,pass,pass,pass,pass,166012085760,65635193902,65635193902,
AL_0033/2025-04-03/1,PASS,pass,pass,pass,pass,pass,pass,204944543232,83070913477,83070913477,
AL_0033/2025-04-11/1,PASS,pass,pass,pass,pass,pass,pass,134941933056,54542192374,54542192374,
AL_0033/2025-04-15/1,PASS,pass,pass,pass,pass,pass,pass,172763292160,69461410139,69461410139,
AL_0033/2025-04-18/4,PASS,pass,pass,pass,pass,pass,pass,254959667712,101477536803,101477536803,
AL_0033/2025-04-28/1,PASS,pass,pass,pass,pass,pass,pass,327825962496,129788354030,129788354030,
AL_0033/2025-04-29/1,PASS,pass,pass,pass,pass,pass,pass,133685761536,53533815987,53533815987,
AL_0033/2025-04-30/1,PASS,pass,pass,pass,pass,pass,pass,246364663296,100105219900,100105219900,
AL_0033/2025-05-10/1,PASS,pass,pass,pass,pass,pass,pass,199644575232,79389318430,79389318430,
AL_0033/2025-05-12/3,PASS,pass,pass,pass,pass,pass,pass,213544730112,85369271959,85369271959,
AL_0033/2025-06-06/3,PASS,pass,pass,pass,pass,pass,pass,318587880960,127552796550,127552796550,
AL_0033/2025-06-07/3,PASS,pass,pass,pass,pass,pass,pass,292453817856,116864674076,116864674076,
AL_0033/2025-06-08/2,PASS,pass,pass,pass,pass,pass,pass,314173877760,121988449690,121988449690,
AL_0033/2025-06-13/3,PASS,pass,pass,pass,pass,pass,pass,156639211008,59472002320,59472002320,
AL_0033/2025-06-14/1,REFUSE,pass,pass,pass,pass,pass,fail,124843832832,48245676310,,C7: FileNotPresent: File not present: subjects/AL_0033/2025-06-14/1/widefield.wfz
AL_0033/2025-06-18/1,PASS,pass,pass,pass,pass,pass,pass,227257566720,83664534869,83664534869,
AL_0033/2025-06-23/1,PASS,pass,pass,pass,pass,pass,pass,231719665152,88925850844,88925850844,
AL_0033/2025-06-24/1,PASS,pass,pass,pass,pass,pass,pass,180910849536,70830783483,70830783483,
AL_0033/2025-08-04/1,PASS,pass,pass,pass,pass,pass,pass,164997656064,64191425947,64191425947,
AL_0033/2025-08-05/4,PASS,pass,pass,pass,pass,pass,pass,174406602240,66762322481,66762322481,
AL_0034/2024-07-25/1,PASS,pass,pass,pass,pass,pass,pass,185006538240,78799730822,78799730822,
AL_0034/2024-08-12/1,PASS,pass,pass,pass,pass,pass,pass,151596172800,63227494812,63227494812,
AL_0034/2024-08-13/1,PASS,pass,pass,pass,pass,pass,pass,200368535040,85792040615,85792040615,
AL_0034/2024-08-19/1,PASS,pass,pass,pass,pass,pass,pass,137334038016,54513552607,54513552607,
AL_0034/2024-08-20/1,PASS,pass,pass,pass,pass,pass,pass,175636827648,76461902411,76461902411,
AL_0034/2024-08-27/1,PASS,pass,pass,pass,pass,pass,pass,197432194560,82285347753,82285347753,
AL_0034/2024-09-03/1,PASS,pass,pass,pass,pass,pass,pass,195762150912,84674361220,84674361220,
AL_0034/2024-09-19/2,PASS,pass,pass,pass,pass,pass,pass,177902366208,75069958172,75069958172,
AL_0034/2024-11-17/1,PASS,pass,pass,pass,pass,pass,pass,132251131392,56248391093,56248391093,
AL_0035/2024-08-12/1,PASS,pass,pass,pass,pass,pass,pass,143465547264,59289722123,59289722123,
AL_0035/2024-08-14/1,PASS,pass,pass,pass,pass,pass,pass,179614176768,75687580453,75687580453,
AL_0035/2024-08-16/1,REFUSE,pass,pass,pass,pass,pass,fail,126138607104,52232273250,,C7: FileNotPresent: File not present: subjects/AL_0035/2024-08-16/1/widefield.wfz
AL_0035/2024-08-22/1,PASS,pass,pass,pass,pass,pass,pass,129462873600,55027163730,55027163730,
AL_0035/2024-08-29/1,REFUSE,pass,pass,pass,pass,pass,fail,127437811200,51870584553,,C7: FileNotPresent: File not present: subjects/AL_0035/2024-08-29/1/widefield.wfz
AL_0035/2024-09-04/1,PASS,pass,pass,pass,pass,pass,pass,150357087744,65167266515,65167266515,
AL_0035/2024-09-10/1,PASS,pass,pass,pass,pass,pass,pass,145750703616,61847362125,61847362125,
AL_0035/2024-12-09/1,PASS,pass,pass,pass,pass,pass,pass,149788804608,65210889294,65210889294,
AL_0035/2024-12-19/2,PASS,pass,pass,pass,pass,pass,pass,131862572544,57058092119,57058092119,
AL_0035/2025-01-08/1,PASS,pass,pass,pass,pass,pass,pass,233308706304,104623000213,104623000213,
AL_0035/2025-01-19/1,PASS,pass,pass,pass,pass,pass,pass,187434714624,83901202143,83901202143,
AL_0035/2025-01-25/1,PASS,pass,pass,pass,pass,pass,pass,169686941184,74476795122,74476795122,
AL_0035/2025-04-11/1,REFUSE,pass,pass,pass,pass,pass,fail,125613356544,53938545818,,C7: FileNotPresent: File not present: subjects/AL_0035/2025-04-11/1/widefield.wfz
AL_0035/2025-04-14/1,PASS,pass,pass,pass,pass,pass,pass,128922435072,53923173324,53923173324,
AL_0035/2025-04-24/1,PASS,pass,pass,pass,pass,pass,pass,244069381632,102843430840,102843430840,
AL_0035/2025-04-25/1,PASS,pass,pass,pass,pass,pass,pass,181512672768,74055122711,74055122711,
AL_0035/2025-04-25/2,PASS,pass,pass,pass,pass,pass,pass,181512672768,74055122711,74055122711,
AL_0035/2025-04-27/1,PASS,pass,pass,pass,pass,pass,pass,189171838464,79917312819,79917312819,
AL_0035/2025-05-01/1,REFUSE,pass,pass,pass,pass,pass,fail,118668025344,50311919102,,C7: FileNotPresent: File not present: subjects/AL_0035/2025-05-01/1/widefield.wfz
AL_0035/2025-05-10/1,REFUSE,pass,pass,pass,pass,pass,fail,122172648960,51890082700,,C7: FileNotPresent: File not present: subjects/AL_0035/2025-05-10/1/widefield.wfz
AL_0035/2025-05-24/1,PASS,pass,pass,pass,pass,pass,pass,153477582336,65953580807,65953580807,
AL_0036/2024-12-13/1,PASS,pass,pass,pass,pass,pass,pass,162653013504,69916612621,69916612621,
AL_0036/2024-12-19/1,PASS,pass,pass,pass,pass,pass,pass,175982353920,77009653161,77009653161,
AL_0036/2025-01-08/1,PASS,pass,pass,pass,pass,pass,pass,209834436096,91890037894,91890037894,
AL_0036/2025-01-16/2,PASS,pass,pass,pass,pass,pass,pass,174053481984,72597134441,72597134441,
AL_0037/2025-02-11/4,PASS,pass,pass,pass,pass,pass,pass,139744495104,56634695268,56634695268,
AL_0037/2025-02-28/2,PASS,pass,pass,pass,pass,pass,pass,140422258176,54251041894,54251041894,
AL_0038/2024-12-27/1,REFUSE,pass,pass,pass,pass,pass,fail,120905719296,40820614329,,C7: FileNotPresent: File not present: subjects/AL_0038/2024-12-27/1/widefield.wfz
AL_0038/2025-01-06/1,PASS,pass,pass,pass,pass,pass,pass,129166075392,47576997783,47576997783,
AL_0038/2025-02-18/1,PASS,pass,pass,pass,pass,pass,pass,183488374272,69272315337,69272315337,
AL_0038/2025-03-04/1,PASS,pass,pass,pass,pass,pass,pass,135523505664,51959565020,51959565020,
AL_0038/2025-04-04/2,PASS,pass,pass,pass,pass,pass,pass,136100648448,49630853311,49630853311,
AL_0038/2025-05-02/1,PASS,pass,pass,pass,pass,pass,pass,150371010560,56232822204,56232822204,
AL_0039/2025-04-26/1,PASS,pass,pass,pass,pass,pass,pass,320323739136,131702309610,131702309610,
AL_0039/2025-04-28/1,PASS,pass,pass,pass,pass,pass,pass,258270131712,110332315819,110332315819,
AL_0039/2025-05-11/1,PASS,pass,pass,pass,pass,pass,pass,184369909248,80389751653,80389751653,
AL_0039/2025-05-12/1,PASS,pass,pass,pass,pass,pass,pass,214480055808,88906795786,88906795786,
AL_0039/2025-05-13/1,PASS,pass,pass,pass,pass,pass,pass,214527518208,89498459839,89498459839,
AL_0039/2025-05-14/1,PASS,pass,pass,pass,pass,pass,pass,212105670144,91876625168,91876625168,
AL_0039/2025-05-25/1,PASS,pass,pass,pass,pass,pass,pass,190845679104,79243746762,79243746762,
AL_0039/2025-06-05/1,PASS,pass,pass,pass,pass,pass,pass,230666632704,92966091452,92966091452,
AL_0039/2025-06-17/1,PASS,pass,pass,pass,pass,pass,pass,204554085888,81870200196,81870200196,
AL_0039/2025-06-18/2,PASS,pass,pass,pass,pass,pass,pass,209254761984,80933265821,80933265821,
AL_0039/2025-06-19/1,PASS,pass,pass,pass,pass,pass,pass,229035824640,93183732238,93183732238,
AL_0039/2025-06-20/3,PASS,pass,pass,pass,pass,pass,pass,235712202240,96217221427,96217221427,
AL_0039/2025-06-25/1,PASS,pass,pass,pass,pass,pass,pass,213690281472,85151734904,85151734904,
AL_0039/2025-06-26/1,PASS,pass,pass,pass,pass,pass,pass,193028316672,74665774902,74665774902,
AL_0039/2025-06-27/1,PASS,pass,pass,pass,pass,pass,pass,176272823808,68429933719,68429933719,
AL_0039/2025-07-01/1,PASS,pass,pass,pass,pass,pass,pass,184528117248,72640159655,72640159655,
AL_0039/2025-07-02/1,PASS,pass,pass,pass,pass,pass,pass,178862372352,70472290794,70472290794,
AL_0039/2025-07-03/1,PASS,pass,pass,pass,pass,pass,pass,201724061184,79419635591,79419635591,
AL_0039/2025-07-04/2,REFUSE,pass,pass,pass,pass,pass,fail,120115312128,47227534878,,C7: FileNotPresent: File not present: subjects/AL_0039/2025-07-04/2/widefield.wfz
AL_0039/2025-07-05/2,PASS,pass,pass,pass,pass,pass,pass,182746695168,71769598696,71769598696,
AL_0039/2025-07-05/3,PASS,pass,pass,pass,pass,pass,pass,133595266560,53095200169,53095200169,
AL_0039/2025-07-06/3,REFUSE,pass,pass,pass,pass,pass,fail,126452491776,50759928250,,C7: FileNotPresent: File not present: subjects/AL_0039/2025-07-06/3/widefield.wfz
AL_0039/2025-10-02/1,PASS,pass,pass,pass,pass,pass,pass,269791471616,102737582949,102737582949,
AL_0039/2025-10-03/1,PASS,pass,pass,pass,pass,pass,pass,218444748288,73752810761,73752810761,
AL_0041/2025-11-03/1,PASS,pass,pass,pass,pass,pass,pass,143040284160,57342460698,57342460698,
AL_0041/2025-11-20/2,PASS,pass,pass,pass,pass,pass,pass,128347823616,50889873274,50889873274,
AL_0041/2026-02-10/1,PASS,pass,pass,pass,pass,pass,pass,138029476352,59711158849,59711158849,
AL_0041/2026-02-17/1,PASS,pass,pass,pass,pass,pass,pass,153899048448,57739565667,57739565667,
AL_0041/2026-02-19/2,PASS,pass,pass,pass,pass,pass,pass,146498078208,56138860310,56138860310,
AL_0041/2026-02-24/1,REFUSE,pass,pass,pass,pass,pass,fail,125717140992,45166216765,,C7: FileNotPresent: File not present: subjects/AL_0041/2026-02-24/1/widefield.wfz
AL_0041/2026-02-27/1,PASS,pass,pass,pass,pass,pass,pass,141174313472,55354378228,55354378228,
AL_0041/2026-02-28/2,PASS,pass,pass,pass,pass,pass,pass,143093856768,55745430238,55745430238,
AL_0041/2026-04-16/1,PASS,pass,pass,pass,pass,pass,pass,164328752640,61672924287,61672924287,
AL_0041/2026-05-26/1,PASS,pass,pass,pass,pass,pass,pass,247253159424,93744301772,93744301772,
AL_0041/2026-05-27/1,PASS,pass,pass,pass,pass,pass,pass,273784641024,103444599577,103444599577,
AL_0045/2026-01-29/2,PASS,pass,pass,pass,pass,pass,pass,161347481088,57631731203,57631731203,
AL_0045/2026-01-30/1,PASS,pass,pass,pass,pass,pass,pass,232043042304,81766777973,81766777973,
AL_0046/2026-02-12/1,PASS,pass,pass,pass,pass,pass,pass,220384378368,79572518795,79572518795,
AL_0046/2026-02-18/3,PASS,pass,pass,pass,pass,pass,pass,154372406784,60901961030,60901961030,
AL_0046/2026-02-22/1,PASS,pass,pass,pass,pass,pass,pass,237278461440,90569317533,90569317533,
AL_0048/2026-06-11/4,PASS,pass,pass,pass,pass,pass,pass,3331896832,1276669694,1276669694,
AL_0048/2026-06-24/2,REFUSE,pass,pass,pass,pass,pass,fail,120553231872,46843361192,,C7: FileNotPresent: File not present: subjects/AL_0048/2026-06-24/2/widefield.wfz
AL_0048/2026-07-01/4,REFUSE,pass,pass,pass,pass,pass,fail,121280355840,46972334134,,C7: FileNotPresent: File not present: subjects/AL_0048/2026-07-01/4/widefield.wfz
AL_0048/2026-07-10/3,PASS,pass,pass,pass,pass,pass,pass,257381002752,99197475690,99197475690,
AL_0048/2026-07-14/1,PASS,pass,pass,pass,pass,pass,pass,142241423872,55903875696,55903875696,
AL_0048/2026-07-15/1,PASS,pass,pass,pass,pass,pass,pass,195134381568,74082381893,74082381893,
AL_0048/2026-07-21/1,PASS,pass,pass,pass,pass,pass,pass,188313601536,73531455035,73531455035,
FD_004/2025-10-22/1,PASS,pass,pass,pass,pass,pass,pass,86447390720,29948736665,29948736665,
FD_004/2025-11-14/4,PASS,pass,pass,pass,pass,pass,pass,115457669120,42165363056,42165363056,
FD_004/2025-11-17/1,PASS,pass,pass,pass,pass,pass,pass,121018368000,43964377439,43964377439,
FD_008/2026-06-23/1,REFUSE,pass,pass,pass,pass,pass,fail,129329978880,48701976961,,C7: FileNotPresent: File not present: subjects/FD_008/2026-06-23/1/widefield.wfz
FD_009/2026-06-23/1,REFUSE,pass,pass,pass,pass,pass,fail,129286313472,48862742321,,C7: FileNotPresent: File not present: subjects/FD_009/2026-06-23/1/widefield.wfz
FD_009/2026-06-25/1,PASS,pass,pass,pass,pass,pass,pass,135270372864,51271688467,51271688467,
FD_009/2026-06-26/1,REFUSE,pass,pass,pass,pass,pass,fail,128283907584,48346806278,,C7: FileNotPresent: File not present: subjects/FD_009/2026-06-26/1/widefield.wfz
FD_011/2026-02-25/1,PASS,pass,pass,pass,pass,pass,pass,154289510400,51404634215,51404634215,
FD_011/2026-02-28/1,PASS,pass,pass,pass,pass,pass,pass,151387340800,53028007662,53028007662,
FD_011/2026-03-02/2,PASS,pass,pass,pass,pass,pass,pass,143778170880,49238370184,49238370184,
FD_011/2026-03-03/1,PASS,pass,pass,pass,pass,pass,pass,144416061440,44586924187,44586924187,
FD_011/2026-04-06/1,PASS,pass,pass,pass,pass,pass,pass,121137336320,39814009609,39814009609,
FD_011/2026-04-13/1,PASS,pass,pass,pass,pass,pass,pass,124084439040,39881150064,39881150064,
FD_011/2026-04-14/2,PASS,pass,pass,pass,pass,pass,pass,136096851456,43955658425,43955658425,
FD_012/2026-02-20/1,REFUSE,pass,pass,pass,pass,pass,fail,118232004096,41955268893,,C7: FileNotPresent: File not present: subjects/FD_012/2026-02-20/1/widefield.wfz
FD_012/2026-04-15/1,REFUSE,pass,pass,pass,pass,pass,fail,121577154048,43861704089,,C7: FileNotPresent: File not present: subjects/FD_012/2026-04-15/1/widefield.wfz
FD_012/2026-04-20/1,REFUSE,pass,pass,pass,pass,pass,fail,126789158400,45854785750,,C7: FileNotPresent: File not present: subjects/FD_012/2026-04-20/1/widefield.wfz
FD_012/2026-04-21/1,PASS,pass,pass,pass,pass,pass,pass,124923576320,43757735598,43757735598,
FD_012/2026-04-23/1,PASS,pass,pass,pass,pass,pass,pass,122809282560,42991937505,42991937505,
FD_012/2026-05-05/1,REFUSE,pass,pass,pass,pass,pass,fail,126363262464,42907880516,,C7: FileNotPresent: File not present: subjects/FD_012/2026-05-05/1/widefield.wfz
FD_012/2026-05-06/1,REFUSE,pass,pass,pass,pass,pass,fail,130003312128,44873768130,,C7: FileNotPresent: File not present: subjects/FD_012/2026-05-06/1/widefield.wfz
LK_0001/2021-04-06/2,PASS,pass,pass,pass,pass,pass,pass,286064026112,132876272972,132876272972,
LK_0001/2021-04-07/1,PASS,pass,pass,pass,pass,pass,pass,267944507904,126112644720,126112644720,
LK_0003/2021-04-06/1,PASS,pass,pass,pass,pass,pass,pass,215487057408,97114576223,97114576223,
LK_0003/2021-05-20/3,PASS,pass,pass,pass,pass,pass,pass,231077064192,103503080117,103503080117,
LK_0003/2021-05-21/3,PASS,pass,pass,pass,pass,pass,pass,270123021824,118495014848,118495014848,
SM_0001/2020-09-03/1,PASS,pass,pass,pass,pass,pass,pass,27998839296,12918583663,12918583663,
Subjects/test/2025-11-04,PASS,pass,pass,pass,pass,pass,pass,5484321280,1441369072,1441369072,
XL_009/2026-06-03/1,REFUSE,pass,pass,pass,pass,pass,fail,121628413440,49037479558,,C7: FileNotPresent: File not present: subjects/XL_009/2026-06-03/1/widefield.wfz
ZYE_0007/2020-07-29/1,PASS,pass,pass,pass,pass,pass,pass,31907714048,14704817866,14704817866,
ZYE_0008/2020-07-25/1,PASS,pass,pass,pass,pass,pass,pass,20250793472,8870590325,8870590325,
ZYE_0009/2020-08-15/1,PASS,pass,pass,pass,pass,pass,pass,206335575552,88654585848,88654585848,
ZYE_0009/2020-08-16/1,PASS,pass,pass,pass,pass,pass,pass,189509332992,83117802873,83117802873,
ZYE_0009/2020-08-17/1,PASS,pass,pass,pass,pass,pass,pass,225509617152,98207070777,98207070777,
ZYE_0009/2020-08-18/1,PASS,pass,pass,pass,pass,pass,pass,227348017152,98950145976,98950145976,
ZYE_0009/2020-08-30/1,PASS,pass,pass,pass,pass,pass,pass,213390884352,91639712045,91639712045,
ZYE_0009/2020-08-31/1,PASS,pass,pass,pass,pass,pass,pass,160207296000,69339145933,69339145933,
ZYE_0009/2020-09-02/1,PASS,pass,pass,pass,pass,pass,pass,155688067584,67364577782,67364577782,
ZYE_0009/2020-09-03/1,PASS,pass,pass,pass,pass,pass,pass,157347628032,70777240730,70777240730,
ZYE_0009/2020-09-10/1,PASS,pass,pass,pass,pass,pass,pass,160653080064,70317436648,70317436648,
ZYE_0012/2020-12-03/1,PASS,pass,pass,pass,pass,pass,pass,280892239360,125116891125,125116891125,
ZYE_0014/2020-10-28/1,PASS,pass,pass,pass,pass,pass,pass,142943867392,64859471295,64859471295,
ZYE_0014/2020-12-09/1,PASS,pass,pass,pass,pass,pass,pass,154680313344,70171127576,70171127576,
ZYE_0014/2020-12-10/1,PASS,pass,pass,pass,pass,pass,pass,136994380288,61353466158,61353466158,
ZYE_0014/2020-12-22/1,PASS,pass,pass,pass,pass,pass,pass,133426170368,60362041087,60362041087,
ZYE_0014/2020-12-23/1,PASS,pass,pass,pass,pass,pass,pass,137754610176,61879557481,61879557481,
ZYE_0014/2021-04-06/3,PASS,pass,pass,pass,pass,pass,pass,134946100736,56394627649,56394627649,
ZYE_0016/2020-12-21/1,PASS,pass,pass,pass,pass,pass,pass,144413504000,62997509396,62997509396,
ZYE_0026/2021-03-19/1,PASS,pass,pass,pass,pass,pass,pass,146463371776,67476679333,67476679333,
ZYE_0026/2021-03-22/1,PASS,pass,pass,pass,pass,pass,pass,147369188864,68666344782,68666344782,
ZYE_0027/2021-04-19/1,PASS,pass,pass,pass,pass,pass,pass,134045048320,61592710896,61592710896,
ZYE_0031/2021-09-30/2,PASS,pass,pass,pass,pass,pass,pass,162358746624,72158155822,72158155822,
ZYE_0035/2021-07-17/1,PASS,pass,pass,pass,pass,pass,pass,1570225664,721753613,721753613,
ZYE_0038/2021-09-01/1,PASS,pass,pass,pass,pass,pass,pass,160886779392,71487607045,71487607045,
ZYE_0038/2021-09-02/2,PASS,pass,pass,pass,pass,pass,pass,146985991680,65038900837,65038900837,
ZYE_0041/2021-09-02/2,PASS,pass,pass,pass,pass,pass,pass,203848478208,87971194094,87971194094,
ZYE_0041/2021-09-02/7,PASS,pass,pass,pass,pass,pass,pass,138379476480,60590726226,60590726226,
ZYE_0041/2021-09-03/2,PASS,pass,pass,pass,pass,pass,pass,175507729920,74726288387,74726288387,
ZYE_0043/2021-09-23/1,REFUSE,pass,pass,pass,pass,pass,fail,119154673152,53884700819,,C7: FileNotPresent: File not present: subjects/ZYE_0043/2021-09-23/1/widefield.wfz
ZYE_0043/2021-09-25/1,PASS,pass,pass,pass,pass,pass,pass,168676308480,74829612861,74829612861,
ZYE_0043/2021-09-26/1,PASS,pass,pass,pass,pass,pass,pass,163020688896,73766907534,73766907534,
ZYE_0043/2021-09-27/1,PASS,pass,pass,pass,pass,pass,pass,149714763264,65664931726,65664931726,
ZYE_0045/2021-09-22/1,PASS,pass,pass,pass,pass,pass,pass,184080072192,80691064604,80691064604,
ZYE_0046/2021-11-22/1,PASS,pass,pass,pass,pass,pass,pass,174909070848,77009828725,77009828725,
ZYE_0046/2021-11-24/1,PASS,pass,pass,pass,pass,pass,pass,196947445248,88251027950,88251027950,
ZYE_0046/2021-11-27/2,PASS,pass,pass,pass,pass,pass,pass,430101106176,192366063076,192366063076,
ZYE_0046/2021-11-29/1,PASS,pass,pass,pass,pass,pass,pass,346362244608,155571900071,155571900071,
ZYE_0046/2021-11-30/6,REFUSE,pass,pass,pass,pass,pass,fail,124664741376,54729357143,,C7: FileNotPresent: File not present: subjects/ZYE_0046/2021-11-30/6/widefield.wfz
ZYE_0046/2021-12-01/1,PASS,pass,pass,pass,pass,pass,pass,163064987136,71585416882,71585416882,
ZYE_0048/2021-12-07/1,PASS,pass,pass,pass,pass,pass,pass,193068185088,84262103754,84262103754,
ZYE_0049/2021-12-01/2,PASS,pass,pass,pass,pass,pass,pass,207429674496,92733745745,92733745745,
ZYE_0049/2021-12-02/1,PASS,pass,pass,pass,pass,pass,pass,178629490176,79520568350,79520568350,
ZYE_0049/2021-12-04/1,PASS,pass,pass,pass,pass,pass,pass,208834561536,96260009447,96260009447,
ZYE_0050/2021-12-11/1,PASS,pass,pass,pass,pass,pass,pass,145103949312,65680976418,65680976418,
ZYE_0050/2021-12-12/3,PASS,pass,pass,pass,pass,pass,pass,141575910912,62996160636,62996160636,
ZYE_0052/2021-12-18/2,PASS,pass,pass,pass,pass,pass,pass,138743987712,62884590354,62884590354,
ZYE_0052/2021-12-19/4,REFUSE,pass,pass,pass,pass,pass,fail,119245800960,51092134262,,C7: FileNotPresent: File not present: subjects/ZYE_0052/2021-12-19/4/widefield.wfz
ZYE_0052/2021-12-20/1,PASS,pass,pass,pass,pass,pass,pass,186831625728,83527645002,83527645002,
ZYE_0052/2021-12-21/1,PASS,pass,pass,pass,pass,pass,pass,132206833152,60534575927,60534575927,
ZYE_0052/2021-12-22/4,PASS,pass,pass,pass,pass,pass,pass,137740316160,61438298522,61438298522,
ZYE_0052/2021-12-31/1,PASS,pass,pass,pass,pass,pass,pass,149913472512,66963190062,66963190062,
ZYE_0052/2022-01-04/1,PASS,pass,pass,pass,pass,pass,pass,134896369152,59633213772,59633213772,
ZYE_0053/2021-12-19/2,PASS,pass,pass,pass,pass,pass,pass,164673013248,75632310897,75632310897,
ZYE_0053/2021-12-20/1,PASS,pass,pass,pass,pass,pass,pass,149805891072,66436055059,66436055059,
ZYE_0053/2021-12-21/1,REFUSE,pass,pass,pass,pass,pass,fail,124045831680,56544067841,,C7: FileNotPresent: File not present: subjects/ZYE_0053/2021-12-21/1/widefield.wfz
ZYE_0053/2021-12-22/1,PASS,pass,pass,pass,pass,pass,pass,138167477760,61525269141,61525269141,
ZYE_0053/2022-01-02/1,PASS,pass,pass,pass,pass,pass,pass,157273941504,71990958469,71990958469,
ZYE_0053/2022-01-04/1,REFUSE,pass,pass,pass,pass,pass,fail,129575517696,57773069093,,C7: FileNotPresent: File not present: subjects/ZYE_0053/2022-01-04/1/widefield.wfz
ZYE_0054/2022-01-03/1,PASS,pass,pass,pass,pass,pass,pass,147135972864,65574837835,65574837835,
ZYE_0055/2022-01-03/1,REFUSE,pass,pass,pass,pass,pass,fail,126529064448,57864879039,,C7: FileNotPresent: File not present: subjects/ZYE_0055/2022-01-03/1/widefield.wfz
ZYE_0055/2022-01-06/1,PASS,pass,pass,pass,pass,pass,pass,142101794304,65671550550,65671550550,
ZYE_0055/2022-01-07/4,PASS,pass,pass,pass,pass,pass,pass,145042564608,67000437610,67000437610,
ZYE_0055/2022-01-10/1,PASS,pass,pass,pass,pass,pass,pass,170370399744,78429963118,78429963118,
ZYE_0055/2022-01-23/2,PASS,pass,pass,pass,pass,pass,pass,154024349184,68377053751,68377053751,
ZYE_0055/2022-01-24/3,PASS,pass,pass,pass,pass,pass,pass,143214312960,65953960426,65953960426,
ZYE_0056/2022-01-10/1,PASS,pass,pass,pass,pass,pass,pass,132982052352,60985259579,60985259579,
ZYE_0057/2022-01-28/1,PASS,pass,pass,pass,pass,pass,pass,238267123200,105950720320,105950720320,
ZYE_0057/2022-01-29/1,PASS,pass,pass,pass,pass,pass,pass,192777296896,85772236511,85772236511,
ZYE_0057/2022-01-30/1,PASS,pass,pass,pass,pass,pass,pass,201648759808,88635708134,88635708134,
ZYE_0058/2022-01-29/1,PASS,pass,pass,pass,pass,pass,pass,210177059328,92549602124,92549602124,
ZYE_0058/2022-01-30/1,PASS,pass,pass,pass,pass,pass,pass,231283421696,99044019339,99044019339,
ZYE_0058/2022-01-31/1,PASS,pass,pass,pass,pass,pass,pass,238871468032,106119119412,106119119412,
ZYE_0058/2022-02-01/1,PASS,pass,pass,pass,pass,pass,pass,227076949504,102911300987,102911300987,
ZYE_0058/2022-02-02/2,PASS,pass,pass,pass,pass,pass,pass,228953102848,100870305165,100870305165,
ZYE_0058/2022-02-04/1,PASS,pass,pass,pass,pass,pass,pass,232315088384,101516309829,101516309829,
ZYE_0058/2022-03-09/1,PASS,pass,pass,pass,pass,pass,pass,254283290112,113769903627,113769903627,
ZYE_0058/2022-03-10/1,PASS,pass,pass,pass,pass,pass,pass,234162396672,105135575699,105135575699,
ZYE_0058/2022-03-11/1,PASS,pass,pass,pass,pass,pass,pass,186659495424,85039488951,85039488951,
ZYE_0059/2022-03-09/1,PASS,pass,pass,pass,pass,pass,pass,199512313344,90813498833,90813498833,
ZYE_0059/2022-03-14/1,PASS,pass,pass,pass,pass,pass,pass,227937861120,103445255389,103445255389,
ZYE_0059/2022-03-15/5,PASS,pass,pass,pass,pass,pass,pass,130988631552,59293614071,59293614071,
ZYE_0059/2022-03-16/1,PASS,pass,pass,pass,pass,pass,pass,184138292736,81966409414,81966409414,
ZYE_0060/2022-03-23/2,PASS,pass,pass,pass,pass,pass,pass,144202796544,63413699158,63413699158,
ZYE_0060/2022-03-24/1,PASS,pass,pass,pass,pass,pass,pass,157962462720,69336281221,69336281221,
ZYE_0060/2022-03-25/1,PASS,pass,pass,pass,pass,pass,pass,157230276096,69287238672,69287238672,
ZYE_0060/2022-03-26/1,PASS,pass,pass,pass,pass,pass,pass,142178999808,64262700873,64262700873,
ZYE_0062/2022-03-29/1,PASS,pass,pass,pass,pass,pass,pass,180225492480,79653686578,79653686578,
ZYE_0062/2022-03-30/1,PASS,pass,pass,pass,pass,pass,pass,174905273856,77671332655,77671332655,
ZYE_0062/2022-03-30/5,PASS,pass,pass,pass,pass,pass,pass,130021031424,57778880830,57778880830,
ZYE_0062/2022-03-31/2,PASS,pass,pass,pass,pass,pass,pass,159465438720,71096018802,71096018802,
ZYE_0066/2022-10-23/6,PASS,pass,pass,pass,pass,pass,pass,167863119360,74457947832,74457947832,
ZYE_0066/2022-10-25/6,PASS,pass,pass,pass,pass,pass,pass,138695259648,58147106861,58147106861,
ZYE_0067/2022-10-23/2,PASS,pass,pass,pass,pass,pass,pass,171853757952,80222738252,80222738252,
ZYE_0067/2022-10-26/3,PASS,pass,pass,pass,pass,pass,pass,194292082176,88181171294,88181171294,
ZYE_0069/2023-08-17/5,PASS,pass,pass,pass,pass,pass,pass,269463664128,115728777689,115728777689,
ZYE_0069/2023-08-24/4,PASS,pass,pass,pass,pass,pass,pass,244725628416,108084581329,108084581329,
ZYE_0069/2023-11-20/1,PASS,pass,pass,pass,pass,pass,pass,293244225024,130299116292,130299116292,
ZYE_0070/2023-01-14/1,PASS,pass,pass,pass,pass,pass,pass,145237476864,62374271525,62374271525,
ZYE_0070/2023-01-15/1,PASS,pass,pass,pass,pass,pass,pass,157096748544,66561369042,66561369042,
ZYE_0070/2023-01-16/1,PASS,pass,pass,pass,pass,pass,pass,169521139200,74396371953,74396371953,
ZYE_0070/2023-01-16/5,REFUSE,pass,pass,pass,pass,pass,fail,119009121792,51843471573,,C7: FileNotPresent: File not present: subjects/ZYE_0070/2023-01-16/5/widefield.wfz
ZYE_0071/2023-01-14/1,PASS,pass,pass,pass,pass,pass,pass,155221034496,66745479527,66745479527,
ZYE_0071/2023-01-17/3,PASS,pass,pass,pass,pass,pass,pass,168306734592,72915105556,72915105556,
ZYE_0071/2023-01-17/7,PASS,pass,pass,pass,pass,pass,pass,158226353664,68098872000,68098872000,
ZYE_0072/2023-01-15/1,PASS,pass,pass,pass,pass,pass,pass,148160527872,61858282414,61858282414,
ZYE_0072/2023-01-22/1,PASS,pass,pass,pass,pass,pass,pass,164876785152,66466635583,66466635583,
ZYE_0072/2023-01-22/5,PASS,pass,pass,pass,pass,pass,pass,144641349120,57200406159,57200406159,
ZYE_0076/2024-05-17/1,REFUSE,pass,pass,pass,pass,pass,fail,121715111424,44347640303,,C7: FileNotPresent: File not present: subjects/ZYE_0076/2024-05-17/1/widefield.wfz
ZYE_0076/2024-05-20/1,REFUSE,pass,pass,pass,pass,pass,fail,122362498560,43973575220,,C7: FileNotPresent: File not present: subjects/ZYE_0076/2024-05-20/1/widefield.wfz
ZYE_0077/2024-07-22/1,PASS,pass,pass,pass,pass,pass,pass,142275190272,57180166833,57180166833,
ZYE_0078/2024-07-23/1,PASS,pass,pass,pass,pass,pass,pass,164403426816,64670861250,64670861250,
ZYE_0085/2024-07-08/1,PASS,pass,pass,pass,pass,pass,pass,162206866944,65886240006,65886240006,
ZYE_0085/2024-07-09/3,PASS,pass,pass,pass,pass,pass,pass,134615391744,56199082452,56199082452,
ZYE_0085/2024-07-10/1,PASS,pass,pass,pass,pass,pass,pass,175612780032,72064338440,72064338440,
ZYE_0085/2024-07-11/1,PASS,pass,pass,pass,pass,pass,pass,176584809984,73161418469,73161418469,
ZYE_0085/2024-07-13/2,REFUSE,pass,pass,pass,pass,pass,fail,123936984576,50289031021,,C7: FileNotPresent: File not present: subjects/ZYE_0085/2024-07-13/2/widefield.wfz
ZYE_0085/2024-07-14/2,PASS,pass,pass,pass,pass,pass,pass,186924019200,77677631805,77677631805,
ZYE_0085/2024-07-16/1,PASS,pass,pass,pass,pass,pass,pass,175245737472,72066814067,72066814067,
ZYE_0085/2024-07-17/1,PASS,pass,pass,pass,pass,pass,pass,141923335680,58588737492,58588737492,
ZYE_0085/2024-07-18/3,PASS,pass,pass,pass,pass,pass,pass,145450741248,58106223188,58106223188,
ZYE_0085/2024-07-22/1,PASS,pass,pass,pass,pass,pass,pass,141398085120,58588071174,58588071174,
ZYE_0085/2024-07-22/7,REFUSE,pass,pass,pass,pass,pass,fail,119257191936,49461934884,,C7: FileNotPresent: File not present: subjects/ZYE_0085/2024-07-22/7/widefield.wfz
ZYE_0085/2024-07-23/1,PASS,pass,pass,pass,pass,pass,pass,170666565120,70615861708,70615861708,
ZYE_0085/2024-07-24/1,PASS,pass,pass,pass,pass,pass,pass,212070231552,87370529528,87370529528,
ZYE_0085/2024-07-25/3,PASS,pass,pass,pass,pass,pass,pass,224438932992,92703762386,92703762386,
ZYE_0085/2024-07-26/1,REFUSE,pass,pass,pass,pass,pass,fail,128953443840,53735842336,,C7: FileNotPresent: File not present: subjects/ZYE_0085/2024-07-26/1/widefield.wfz
ZYE_0085/2024-07-27/3,PASS,pass,pass,pass,pass,pass,pass,161963226624,67217057253,67217057253,
ZYE_0085/2024-07-28/1,PASS,pass,pass,pass,pass,pass,pass,160426710528,66558793836,66558793836,
ZYE_0085/2024-07-29/7,PASS,pass,pass,pass,pass,pass,pass,211481064960,86460907985,86460907985,
ZYE_0085/2024-09-08/1,PASS,pass,pass,pass,pass,pass,pass,141819551232,59624230003,59624230003,
ZYE_0086/2024-05-24/1,REFUSE,pass,pass,pass,pass,pass,fail,119320475136,43119155878,,C7: FileNotPresent: File not present: subjects/ZYE_0086/2024-05-24/1/widefield.wfz
ZYE_0086/2025-02-11/1,PASS,pass,pass,pass,pass,pass,pass,132470724096,53544783926,53544783926,
ZYE_0086/2025-03-05/1,PASS,pass,pass,pass,pass,pass,pass,141301262848,55875135627,55875135627,
ZYE_0086/2025-03-06/1,PASS,pass,pass,pass,pass,pass,pass,152899806720,59326746239,59326746239,
ZYE_0087/2024-08-19/1,PASS,pass,pass,pass,pass,pass,pass,140232408576,55865907757,55865907757,
ZYE_0087/2024-09-06/3,PASS,pass,pass,pass,pass,pass,pass,142322652672,55529073446,55529073446,
ZYE_0087/2024-09-07/1,PASS,pass,pass,pass,pass,pass,pass,145658942976,58857221693,58857221693,
ZYE_0088/2024-05-23/1,PASS,pass,pass,pass,pass,pass,pass,152682745344,57343787837,57343787837,
ZYE_0088/2024-07-09/1,PASS,pass,pass,pass,pass,pass,pass,161303815680,67216688378,67216688378,
ZYE_0088/2024-07-10/1,PASS,pass,pass,pass,pass,pass,pass,134049639936,55683536810,55683536810,
ZYE_0088/2024-07-11/1,PASS,pass,pass,pass,pass,pass,pass,175388124672,73937138593,73937138593,
ZYE_0088/2024-07-13/2,PASS,pass,pass,pass,pass,pass,pass,149832470016,61988835581,61988835581,
ZYE_0088/2024-07-15/2,PASS,pass,pass,pass,pass,pass,pass,142744751616,59344172777,59344172777,
ZYE_0088/2024-07-16/2,PASS,pass,pass,pass,pass,pass,pass,149878666752,61005162023,61005162023,
ZYE_0088/2024-07-17/1,REFUSE,pass,pass,pass,pass,pass,fail,118955331072,49831210287,,C7: FileNotPresent: File not present: subjects/ZYE_0088/2024-07-17/1/widefield.wfz
ZYE_0088/2024-08-23/1,PASS,pass,pass,pass,pass,pass,pass,133343399424,55470065931,55470065931,
ZYE_0088/2024-09-05/1,PASS,pass,pass,pass,pass,pass,pass,136907509248,56734781383,56734781383,
ZYE_0088/2024-09-06/1,PASS,pass,pass,pass,pass,pass,pass,153124462080,61448809575,61448809575,
ZYE_0088/2024-09-06/2,REFUSE,pass,pass,pass,pass,pass,fail,124750173696,49745641797,,C7: FileNotPresent: File not present: subjects/ZYE_0088/2024-09-06/2/widefield.wfz
ZYE_0088/2024-09-07/1,REFUSE,pass,pass,pass,pass,pass,fail,122470080000,49295944358,,C7: FileNotPresent: File not present: subjects/ZYE_0088/2024-09-07/1/widefield.wfz
ZYE_0089/2024-05-23/1,PASS,pass,pass,pass,pass,pass,pass,153235840512,56562947756,56562947756,
ZYE_0089/2024-07-08/1,PASS,pass,pass,pass,pass,pass,pass,144145841664,57552039545,57552039545,
ZYE_0089/2024-07-09/1,PASS,pass,pass,pass,pass,pass,pass,175616577024,70658157871,70658157871,
ZYE_0089/2024-07-11/5,PASS,pass,pass,pass,pass,pass,pass,158511760896,63922723058,63922723058,
ZYE_0089/2024-07-12/2,PASS,pass,pass,pass,pass,pass,pass,162746672640,65573530499,65573530499,
ZYE_0089/2024-07-16/1,PASS,pass,pass,pass,pass,pass,pass,129723600384,51978240392,51978240392,
ZYE_0089/2024-07-17/1,REFUSE,pass,pass,pass,pass,pass,fail,125076715008,50454348558,,C7: FileNotPresent: File not present: subjects/ZYE_0089/2024-07-17/1/widefield.wfz
ZYE_0089/2025-05-02/1,PASS,pass,pass,pass,pass,pass,pass,158267487744,63512012449,63512012449,
ZYE_0089/2025-05-03/1,PASS,pass,pass,pass,pass,pass,pass,141586036224,57621950875,57621950875,
ZYE_0090/2024-07-16/1,PASS,pass,pass,pass,pass,pass,pass,134642603520,54704146588,54704146588,
ZYE_0090/2024-07-17/1,PASS,pass,pass,pass,pass,pass,pass,162351785472,65759464761,65759464761,
ZYE_0090/2024-07-27/1,PASS,pass,pass,pass,pass,pass,pass,141218993664,57230608218,57230608218,
ZYE_0090/2024-08-11/4,REFUSE,pass,pass,pass,pass,pass,fail,128042798592,51869448962,,C7: FileNotPresent: File not present: subjects/ZYE_0090/2024-08-11/4/widefield.wfz
ZYE_0090/2024-08-12/1,PASS,pass,pass,pass,pass,pass,pass,178513681920,72312861447,72312861447,
ZYE_0090/2024-08-13/3,PASS,pass,pass,pass,pass,pass,pass,149555289600,60440557641,60440557641,
ZYE_0090/2024-08-14/1,PASS,pass,pass,pass,pass,pass,pass,139264808448,56271815091,56271815091,
ZYE_0090/2024-08-16/3,REFUSE,pass,pass,pass,pass,pass,fail,127318205952,50792677457,,C7: FileNotPresent: File not present: subjects/ZYE_0090/2024-08-16/3/widefield.wfz
ZYE_0090/2024-09-08/1,REFUSE,pass,pass,pass,pass,pass,fail,121332880896,49648469840,,C7: FileNotPresent: File not present: subjects/ZYE_0090/2024-09-08/1/widefield.wfz
ZYE_0090/2025-02-25/1,PASS,pass,pass,pass,pass,pass,pass,142001174016,59329485012,59329485012,
ZYE_0090/2025-03-06/5,PASS,pass,pass,pass,pass,pass,pass,144525540864,61057989294,61057989294,
ZYE_0090/2025-03-14/3,PASS,pass,pass,pass,pass,pass,pass,148123823616,62475266391,62475266391,
ZYE_0090/2025-05-02/2,PASS,pass,pass,pass,pass,pass,pass,159536948736,65333631964,65333631964,
ZYE_0090/2025-05-03/6,REFUSE,pass,pass,pass,pass,pass,fail,118456659456,49255095497,,C7: FileNotPresent: File not present: subjects/ZYE_0090/2025-05-03/6/widefield.wfz
ZYE_0090/2025-05-05/1,REFUSE,pass,pass,pass,pass,pass,fail,119643852288,47786962010,,C7: FileNotPresent: File not present: subjects/ZYE_0090/2025-05-05/1/widefield.wfz
ZYE_0090/2025-06-04/2,REFUSE,pass,pass,pass,pass,pass,fail,117775099392,47693011777,,C7: FileNotPresent: File not present: subjects/ZYE_0090/2025-06-04/2/widefield.wfz
ZYE_0090/2025-06-05/1,PASS,pass,pass,pass,pass,pass,pass,143071925760,57796670077,57796670077,
ZYE_0090/2025-06-07/1,PASS,pass,pass,pass,pass,pass,pass,146131035648,59338981372,59338981372,
ZYE_0090/2025-06-07/2,REFUSE,pass,pass,pass,pass,pass,fail,121045575168,47497419952,,C7: FileNotPresent: File not present: subjects/ZYE_0090/2025-06-07/2/widefield.wfz
ZYE_0090/2025-06-08/1,REFUSE,pass,pass,pass,pass,pass,fail,126777767424,50616065075,,C7: FileNotPresent: File not present: subjects/ZYE_0090/2025-06-08/1/widefield.wfz
ZYE_0090/2025-06-10/1,PASS,pass,pass,pass,pass,pass,pass,129658418688,52032413717,52032413717,
ZYE_0090/2025-06-10/2,PASS,pass,pass,pass,pass,pass,pass,145213429248,57283595801,57283595801,
ZYE_0090/2025-06-11/1,PASS,pass,pass,pass,pass,pass,pass,134323656192,53935676827,53935676827,
ZYE_0090/2025-06-13/1,REFUSE,pass,pass,pass,pass,pass,fail,123365537280,47960926269,,C7: FileNotPresent: File not present: subjects/ZYE_0090/2025-06-13/1/widefield.wfz
ZYE_0090/2025-06-16/1,REFUSE,pass,pass,pass,pass,pass,fail,126962554368,47932422661,,C7: FileNotPresent: File not present: subjects/ZYE_0090/2025-06-16/1/widefield.wfz
ZYE_0091/2024-07-09/1,PASS,pass,pass,pass,pass,pass,pass,142937765376,56929382038,56929382038,
ZYE_0091/2024-07-10/1,PASS,pass,pass,pass,pass,pass,pass,161432280576,64646968967,64646968967,
ZYE_0091/2024-07-11/1,PASS,pass,pass,pass,pass,pass,pass,179339527680,72377416755,72377416755,
ZYE_0091/2024-07-12/1,PASS,pass,pass,pass,pass,pass,pass,149278109184,59900836437,59900836437,
ZYE_0091/2024-07-13/1,PASS,pass,pass,pass,pass,pass,pass,193675070976,77156586633,77156586633,
ZYE_0091/2024-07-14/3,PASS,pass,pass,pass,pass,pass,pass,163667443200,66981034703,66981034703,
ZYE_0091/2024-07-15/1,PASS,pass,pass,pass,pass,pass,pass,164152825344,66864336914,66864336914,
ZYE_0091/2024-07-16/1,PASS,pass,pass,pass,pass,pass,pass,169788194304,68954230814,68954230814,
ZYE_0091/2024-07-17/2,PASS,pass,pass,pass,pass,pass,pass,166309516800,67859167746,67859167746,
ZYE_0091/2024-07-28/1,PASS,pass,pass,pass,pass,pass,pass,138123812352,56216727522,56216727522,
ZYE_0091/2024-09-08/1,PASS,pass,pass,pass,pass,pass,pass,141368974848,59215204920,59215204920,
ZYE_0091/2025-02-28/3,PASS,pass,pass,pass,pass,pass,pass,146839807488,59998424279,59998424279,
ZYE_0091/2025-03-11/1,PASS,pass,pass,pass,pass,pass,pass,129821056512,52373368941,52373368941,
ZYE_0091/2025-03-13/1,PASS,pass,pass,pass,pass,pass,pass,135277334016,54864067419,54864067419,
ZYE_0091/2025-05-06/6,REFUSE,pass,pass,pass,pass,pass,fail,118757887488,48214022742,,C7: FileNotPresent: File not present: subjects/ZYE_0091/2025-05-06/6/widefield.wfz
ZYE_0091/2025-05-07/1,REFUSE,pass,pass,pass,pass,pass,fail,124290104832,49850347209,,C7: FileNotPresent: File not present: subjects/ZYE_0091/2025-05-07/1/widefield.wfz
ZYE_0091/2025-06-04/1,REFUSE,pass,pass,pass,pass,pass,fail,123882561024,50732811848,,C7: FileNotPresent: File not present: subjects/ZYE_0091/2025-06-04/1/widefield.wfz
ZYE_0091/2025-06-04/3,REFUSE,pass,pass,pass,pass,pass,fail,118073163264,46813377654,,C7: FileNotPresent: File not present: subjects/ZYE_0091/2025-06-04/3/widefield.wfz
ZYE_0091/2025-06-06/2,REFUSE,pass,pass,pass,pass,pass,fail,119352749568,48410887130,,C7: FileNotPresent: File not present: subjects/ZYE_0091/2025-06-06/2/widefield.wfz
ZYE_0091/2025-06-06/5,PASS,pass,pass,pass,pass,pass,pass,129598299648,51654683164,51654683164,
ZYE_0091/2025-06-08/3,REFUSE,pass,pass,pass,pass,pass,fail,128388324864,50113609364,,C7: FileNotPresent: File not present: subjects/ZYE_0091/2025-06-08/3/widefield.wfz
ZYE_0091/2025-06-13/2,REFUSE,pass,pass,pass,pass,pass,fail,125755743744,48812757332,,C7: FileNotPresent: File not present: subjects/ZYE_0091/2025-06-13/2/widefield.wfz
ZYE_0091/2025-06-17/1,REFUSE,pass,pass,pass,pass,pass,fail,128742077952,47866374996,,C7: FileNotPresent: File not present: subjects/ZYE_0091/2025-06-17/1/widefield.wfz
ZYE_0092/2025-06-14/1,PASS,pass,pass,pass,pass,pass,pass,145947514368,51843317420,51843317420,
ZYE_0092/2025-06-14/3,PASS,pass,pass,pass,pass,pass,pass,135119758848,48046008755,48046008755,
ZYE_0093/2025-06-02/2,PASS,pass,pass,pass,pass,pass,pass,133295304192,50084103361,50084103361,
ZYE_0094/2025-06-16/3,PASS,pass,pass,pass,pass,pass,pass,135494395392,47747309332,47747309332,
ZYE_0094/2025-06-18/1,REFUSE,pass,pass,pass,pass,pass,fail,121148093952,43624653695,,C7: FileNotPresent: File not present: subjects/ZYE_0094/2025-06-18/1/widefield.wfz
ZYE_0094/2025-06-18/3,REFUSE,pass,pass,pass,pass,pass,fail,128208600576,45711088274,,C7: FileNotPresent: File not present: subjects/ZYE_0094/2025-06-18/3/widefield.wfz
ZYE_0094/2025-07-10/1,PASS,pass,pass,pass,pass,pass,pass,131416425984,47542800424,47542800424,
ZYE_0094/2025-07-18/1,PASS,pass,pass,pass,pass,pass,pass,163887035904,60079077564,60079077564,
ZYE_0094/2025-07-19/1,PASS,pass,pass,pass,pass,pass,pass,134328086016,50132203034,50132203034,
ZYE_0094/2025-07-20/1,REFUSE,pass,pass,pass,pass,pass,fail,126525900288,46956585075,,C7: FileNotPresent: File not present: subjects/ZYE_0094/2025-07-20/1/widefield.wfz
ZYE_0094/2025-07-21/1,PASS,pass,pass,pass,pass,pass,pass,130255179264,49539071764,49539071764,
ZYE_0095/2025-07-10/1,PASS,pass,pass,pass,pass,pass,pass,134264169984,48524934382,48524934382,
ZYE_0095/2025-07-17/1,PASS,pass,pass,pass,pass,pass,pass,151455051264,57889298616,57889298616,
ZYE_0095/2025-07-18/1,PASS,pass,pass,pass,pass,pass,pass,132323907072,49570830450,49570830450,
ZYE_0095/2025-07-19/1,PASS,pass,pass,pass,pass,pass,pass,129750179328,48992261740,48992261740,
ZYE_0095/2025-07-20/1,REFUSE,pass,pass,pass,pass,pass,fail,124193914368,47007965836,,C7: FileNotPresent: File not present: subjects/ZYE_0095/2025-07-20/1/widefield.wfz
ZYE_0095/2025-07-26/1,PASS,pass,pass,pass,pass,pass,pass,144157232640,55266191433,55266191433,
ZYE_0096/2025-07-08/1,REFUSE,pass,pass,pass,pass,pass,fail,123730048512,43415775600,,C7: FileNotPresent: File not present: subjects/ZYE_0096/2025-07-08/1/widefield.wfz
ZYE_0096/2025-07-12/1,REFUSE,pass,pass,pass,pass,pass,fail,128929396224,45237518259,,C7: FileNotPresent: File not present: subjects/ZYE_0096/2025-07-12/1/widefield.wfz
ZYE_0096/2025-07-12/2,REFUSE,pass,pass,pass,pass,pass,fail,125458312704,43923203254,,C7: FileNotPresent: File not present: subjects/ZYE_0096/2025-07-12/2/widefield.wfz
ZYE_0097/2025-07-16/1,PASS,pass,pass,pass,pass,pass,pass,152628954624,59150071316,59150071316,
ZYE_0097/2025-07-18/1,PASS,pass,pass,pass,pass,pass,pass,142620083712,55192515391,55192515391,
ZYE_0097/2025-07-19/1,REFUSE,pass,pass,pass,pass,pass,fail,128705373696,49663530916,,C7: FileNotPresent: File not present: subjects/ZYE_0097/2025-07-19/1/widefield.wfz
ZYE_0097/2025-07-20/1,REFUSE,pass,pass,pass,pass,pass,fail,126846113280,49439421679,,C7: FileNotPresent: File not present: subjects/ZYE_0097/2025-07-20/1/widefield.wfz
ZYE_0097/2025-07-22/1,REFUSE,pass,pass,pass,pass,pass,fail,128923700736,49556640968,,C7: FileNotPresent: File not present: subjects/ZYE_0097/2025-07-22/1/widefield.wfz
ZYE_0097/2025-07-26/1,PASS,pass,pass,pass,pass,pass,pass,149934355968,56535625734,56535625734,
ZYE_0098/2025-07-16/1,PASS,pass,pass,pass,pass,pass,pass,137711205888,50849122383,50849122383,
ZYE_0098/2025-07-19/1,REFUSE,pass,pass,pass,pass,pass,fail,124984954368,45846202772,,C7: FileNotPresent: File not present: subjects/ZYE_0098/2025-07-19/1/widefield.wfz
ZYE_0098/2025-07-20/1,REFUSE,pass,pass,pass,pass,pass,fail,129033813504,47900126003,,C7: FileNotPresent: File not present: subjects/ZYE_0098/2025-07-20/1/widefield.wfz
ZYE_0098/2025-07-26/1,PASS,pass,pass,pass,pass,pass,pass,182918825472,67212590763,67212590763,
ZYE_0098/2025-12-17/2,PASS,pass,pass,pass,pass,pass,pass,93542696960,32514339901,32514339901,
ZYE_0098/2025-12-18/1,PASS,pass,pass,pass,pass,pass,pass,101058846720,33497517949,33497517949,
default/2025-03-05/3,PASS,pass,pass,pass,pass,pass,pass,5194318336,1860513193,1860513193,
test/2025-11-05/1,PASS,pass,pass,pass,pass,pass,pass,10444501504,4193621602,4193621602,
test/2026-02-17/1,REFUSE,pass,pass,pass,fail,pass,pass,-1,505364720,505364720,C4: the tar is already gone
