tar,wfz,session,verdict,reason,tar_bytes_now,tar_bytes_recorded,wfz_bytes_now,wfz_bytes_recorded,format_version,has_receipt,receipt_byte_identical,source_tar_sha256,reverified,reverified_sha256,tar_rehash,tar_rehash_matches
Y:\Subjects\test\2026-02-17\1\widefield.tar,Y:\Subjects\test\2026-02-17\1\widefield.wfz,test/2026-02-17/1,SAFE,metadata checks pass,1189092864,1189092864,505364720,505364720,2,True,True,c14f7eedb58a36ef873be59f18dff9cc7483d503b907f6c9e80e062d1148f965,False,,,False
Y:\Subjects\AL_0033\2025-03-17\1\widefield.tar,Y:\Subjects\AL_0033\2025-03-17\1\widefield.wfz,AL_0033/2025-03-17/1,SAFE,metadata checks pass,1610082816,1610082816,682336506,682336506,2,True,True,ee9b7b9318cd55ecdde9b4a59a0639a97cae388b7c55879955e36dcacc444c3e,False,,,False
Y:\Subjects\ZYE_0035\2021-07-17\1\widefield.tar,Y:\Subjects\ZYE_0035\2021-07-17\1\widefield.wfz,ZYE_0035/2021-07-17/1,SAFE,metadata checks pass,1570225664,1570225664,721753613,721753613,2,True,True,089eb3b9ef33eed315a374b9dbe9c1787f4306fe8566ead69553fdad4c00daec,False,,,False
Y:\Subjects\AL_0048\2026-06-11\4\widefield.tar,Y:\Subjects\AL_0048\2026-06-11\4\widefield.wfz,AL_0048/2026-06-11/4,SAFE,metadata checks pass,3331896832,3331896832,1276669694,1276669694,2,True,True,18e57dbf8c3060f1f85ee470034883a30cd30b8ed613ca4897ecd6a4dc61096d,False,,,False
Y:\Subjects\test\2025-11-04\1.tar,Y:\Subjects\test\2025-11-04\1.wfz,Subjects/test/2025-11-04,SAFE,metadata checks pass,5484321280,5484321280,1441369072,1441369072,2,True,True,8d3b6e016bc3515e5aee2596b3942d7f7270480578b3592ac4daaf41057cb2b2,False,,,False
Y:\Subjects\default\2025-03-05\3\widefield.tar,Y:\Subjects\default\2025-03-05\3\widefield.wfz,default/2025-03-05/3,SAFE,metadata checks pass,5194318336,5194318336,1860513193,1860513193,2,True,True,f0df78f491938c25bbfc2467e50a625219c2291792143ffbcaa01b3b18df50d5,False,,,False
Y:\Subjects\test\2025-11-05\1\1.tar,Y:\Subjects\test\2025-11-05\1\1.wfz,test/2025-11-05/1,SAFE,metadata checks pass,10444501504,10444501504,4193621602,4193621602,2,True,True,1c7df09ebeb3fdb975391f0aa722005985c863d93eccece796d3d83558dd689f,False,,,False
Y:\Subjects\AL_0033\2025-02-24\3\3.tar,Y:\Subjects\AL_0033\2025-02-24\3\3.wfz,AL_0033/2025-02-24/3,SAFE,metadata checks pass,17471109632,17471109632,6001539791,6001539791,2,True,True,200a144a959951138ac06181975988f5d2abcd8068c1ac3d6927dfa0dceb517c,False,,,False
Y:\Subjects\ZYE_0008\2020-07-25\1\widefield.tar,Y:\Subjects\ZYE_0008\2020-07-25\1\widefield.wfz,ZYE_0008/2020-07-25/1,SAFE,metadata checks pass,20250793472,20250793472,8870590325,8870590325,2,True,True,55d12a8fa18b809365688ec736705bbd66ec318c4dd608f0d31b73197ffe8284,False,,,False
Y:\Subjects\SM_0001\2020-09-03\1\widefield.tar,Y:\Subjects\SM_0001\2020-09-03\1\widefield.wfz,SM_0001/2020-09-03/1,SAFE,metadata checks pass,27998839296,27998839296,12918583663,12918583663,2,True,True,3152812cebffd83de0f1e833710f586f697097587151491fff4066456adac357,False,,,False
Y:\Subjects\AL_0023\2023-05-15\5\widefield.tar,Y:\Subjects\AL_0023\2023-05-15\5\widefield.wfz,AL_0023/2023-05-15/5,SAFE,metadata checks pass,31639918080,31639918080,13216733344,13216733344,2,True,True,70801a9246c8d02d91e7e40b331a3bd1c755afbd42ce85239a0da49d60a75a00,False,,,False
Y:\Subjects\ZYE_0007\2020-07-29\1\widefield.tar,Y:\Subjects\ZYE_0007\2020-07-29\1\widefield.wfz,ZYE_0007/2020-07-29/1,SAFE,metadata checks pass,31907714048,31907714048,14704817866,14704817866,2,True,True,4fc73e5bea8d016adc05fa7e1a6956d9018d60ec70591d1f7d91365c41d76320,False,,,False
Y:\Subjects\ZYE_0046\2021-11-27\2\widefield.tar,Y:\Subjects\ZYE_0046\2021-11-27\2\widefield.wfz,ZYE_0046/2021-11-27/2,SAFE,metadata checks pass,430101106176,430101106176,192366063076,192366063076,2,True,True,fe0ebd6bc284af6e70e4502f28ddc701948c50deac347718a3961630fa2cae3d,False,,,False
\\sahale.biostr.washington.edu\data\Subjects\AL_0033\2025-01-17\1\widefield.tar,\\sahale.biostr.washington.edu\data\Subjects\AL_0033\2025-01-17\1\widefield.wfz,AL_0033/2025-01-17/1,SAFE,metadata checks pass,294340435456,294340435456,122923655024,122923655024,2,True,True,b859bf1451093aff0bd918838b9b90c425fef4e58701eaace28cf8be45186afd,False,,,False
\\sahale.biostr.washington.edu\data\Subjects\ZYE_0069\2023-11-20\1\widefield.tar,\\sahale.biostr.washington.edu\data\Subjects\ZYE_0069\2023-11-20\1\widefield.wfz,ZYE_0069/2023-11-20/1,SAFE,metadata checks pass,293244225024,293244225024,130299116292,130299116292,2,True,True,3e712c8fdf2bd73eb1cd7bab0cf1cc3c6edda231daea7b8d29ac004e77075598,False,,,False
\\sahale.biostr.washington.edu\data\Subjects\AL_0033\2025-06-08\2\widefield.tar,\\sahale.biostr.washington.edu\data\Subjects\AL_0033\2025-06-08\2\widefield.wfz,AL_0033/2025-06-08/2,SAFE,metadata checks pass,314173877760,314173877760,121988449690,121988449690,2,True,True,18b1f44a5044d12d9ffe798ea2d90182af5dec9fccda0a3f29a4a1aa75aafb2b,False,,,False
\\sahale.biostr.washington.edu\data\Subjects\AL_0033\2025-06-06\3\widefield.tar,\\sahale.biostr.washington.edu\data\Subjects\AL_0033\2025-06-06\3\widefield.wfz,AL_0033/2025-06-06/3,SAFE,metadata checks pass,318587880960,318587880960,127552796550,127552796550,2,True,True,8aebcb5a89c22f799b04415dda3aa6590fb3cb247d49b2f452d3f7ec49bea46b,False,,,False
\\sahale.biostr.washington.edu\data\Subjects\AL_0039\2025-04-26\1\widefield.tar,\\sahale.biostr.washington.edu\data\Subjects\AL_0039\2025-04-26\1\widefield.wfz,AL_0039/2025-04-26/1,SAFE,metadata checks pass,320323739136,320323739136,131702309610,131702309610,2,True,True,823184a5f9623d0938cd8c5838b68b97c219911e7227e263b3e0fb78b5e02798,False,,,False
\\sahale.biostr.washington.edu\data\Subjects\AL_0033\2025-04-28\1\widefield.tar,\\sahale.biostr.washington.edu\data\Subjects\AL_0033\2025-04-28\1\widefield.wfz,AL_0033/2025-04-28/1,SAFE,metadata checks pass,327825962496,327825962496,129788354030,129788354030,2,True,True,76e1afc5a49459b1a04eac2a15d330e41cf924fb34de4e47fc9ebf0e3024555c,False,,,False
\\sahale.biostr.washington.edu\data\Subjects\ZYE_0046\2021-11-29\1\widefield.tar,\\sahale.biostr.washington.edu\data\Subjects\ZYE_0046\2021-11-29\1\widefield.wfz,ZYE_0046/2021-11-29/1,SAFE,metadata checks pass,346362244608,346362244608,155571900071,155571900071,2,True,True,25b1313f02f14ad41bef90d245d5b469073479c2202f4603e94e7e480d08648e,False,,,False
\\sahale.biostr.washington.edu\data\Subjects\AB_0032\2024-04-16\1\widefield.tar,\\sahale.biostr.washington.edu\data\Subjects\AB_0032\2024-04-16\1\widefield.wfz,AB_0032/2024-04-16/1,SAFE,metadata checks pass,344282758656,344282758656,145981130097,145981130097,2,True,True,d4df7c059e27a9c31dbed16f218e011b945bfd3cd3373564b70e03dc59c7be2a,False,,,False
\\sahale.biostr.washington.edu\data\Subjects\AL_0033\2025-03-03\2\widefield.tar,\\sahale.biostr.washington.edu\data\Subjects\AL_0033\2025-03-03\2\widefield.wfz,AL_0033/2025-03-03/2,SAFE,metadata checks pass,290073876992,290073876992,112440590229,112440590229,2,True,True,fd779589f3fbd46e1ab0d5853f23e747d65400520e3f0a0ee6d46b82d8a95996,False,,,False
\\sahale.biostr.washington.edu\data\Subjects\AL_0033\2025-06-07\3\widefield.tar,\\sahale.biostr.washington.edu\data\Subjects\AL_0033\2025-06-07\3\widefield.wfz,AL_0033/2025-06-07/3,SAFE,metadata checks pass,292453817856,292453817856,116864674076,116864674076,2,True,True,5800d286e6fc7a555381e751574b112e948a43e957a22c08e16c85068e052479,False,,,False
\\sahale.biostr.washington.edu\data\Subjects\AL_0041\2026-05-27\1\widefield.tar,\\sahale.biostr.washington.edu\data\Subjects\AL_0041\2026-05-27\1\widefield.wfz,AL_0041/2026-05-27/1,SAFE,metadata checks pass,273784641024,273784641024,103444599577,103444599577,2,True,True,c9b8463e63268e5df5eafe9f83a9a9edd32f8a83bf77fabf5ec92919b61a0fa2,False,,,False
\\sahale.biostr.washington.edu\data\Subjects\LK_0003\2021-05-21\3\widefield.tar,\\sahale.biostr.washington.edu\data\Subjects\LK_0003\2021-05-21\3\widefield.wfz,LK_0003/2021-05-21/3,SAFE,metadata checks pass,270123021824,270123021824,118495014848,118495014848,2,True,True,f428e776d622fea33d79044423330f0f6bc6179609c415327f81a8bc12405e82,False,,,False
\\sahale.biostr.washington.edu\data\Subjects\ZYE_0012\2020-12-03\1\widefield.tar,\\sahale.biostr.washington.edu\data\Subjects\ZYE_0012\2020-12-03\1\widefield.wfz,ZYE_0012/2020-12-03/1,SAFE,metadata checks pass,280892239360,280892239360,125116891125,125116891125,2,True,True,e13cdb9318bef5d9a3a9ebb48876c8b8b9b459933e57cedebe20d49ba136d375,False,,,False
\\sahale.biostr.washington.edu\data\Subjects\LK_0001\2021-04-06\2\widefield.tar,\\sahale.biostr.washington.edu\data\Subjects\LK_0001\2021-04-06\2\widefield.wfz,LK_0001/2021-04-06/2,SAFE,metadata checks pass,286064026112,286064026112,132876272972,132876272972,2,True,True,f25da65ab3dcadd9eb66bb47b7f1a41188bd63e98d2d5a2a09522d8c53c3794c,False,,,False
\\sahale.biostr.washington.edu\data\Subjects\ZYE_0069\2023-08-17\5\widefield.tar,\\sahale.biostr.washington.edu\data\Subjects\ZYE_0069\2023-08-17\5\widefield.wfz,ZYE_0069/2023-08-17/5,SAFE,metadata checks pass,269463664128,269463664128,115728777689,115728777689,2,True,True,488fb93b3938390d2a32bfa1c5ccba1dd3bac4328765d86053c6f246a8c55892,False,,,False
\\sahale.biostr.washington.edu\data\Subjects\LK_0001\2021-04-07\1\widefield.tar,\\sahale.biostr.washington.edu\data\Subjects\LK_0001\2021-04-07\1\widefield.wfz,LK_0001/2021-04-07/1,SAFE,metadata checks pass,267944507904,267944507904,126112644720,126112644720,2,True,True,92f61c8b2112d740f6ea33cae88fa3e31903ad4e4536c63766d32c78100c9ea3,False,,,False
\\sahale.biostr.washington.edu\data\Subjects\AL_0033\2025-04-18\4\widefield.tar,\\sahale.biostr.washington.edu\data\Subjects\AL_0033\2025-04-18\4\widefield.wfz,AL_0033/2025-04-18/4,SAFE,metadata checks pass,254959667712,254959667712,101477536803,101477536803,2,True,True,58c218474e2fa39fd0039f1542ad1cd571e52dc8f76c35a216e980fac94962eb,False,,,False
\\sahale.biostr.washington.edu\data\Subjects\AL_0033\2024-07-12\1\widefield.tar,\\sahale.biostr.washington.edu\data\Subjects\AL_0033\2024-07-12\1\widefield.wfz,AL_0033/2024-07-12/1,SAFE,metadata checks pass,252944217600,252944217600,104451825215,104451825215,2,True,True,f2593f35f1fefc3e81cdab89ff6e3d2a9eeab533ae8e691e9abb53644d7ec7f2,False,,,False
\\sahale.biostr.washington.edu\data\Subjects\AL_0033\2025-01-21\1\widefield.tar,\\sahale.biostr.washington.edu\data\Subjects\AL_0033\2025-01-21\1\widefield.wfz,AL_0033/2025-01-21/1,SAFE,metadata checks pass,251222914560,251222914560,103769452226,103769452226,2,True,True,96a65521f190661b93938f5c710b0828016d03812f624f196e2f32ba81d5f0c0,False,,,False
\\sahale.biostr.washington.edu\data\Subjects\AL_0048\2026-07-10\3\widefield.tar,\\sahale.biostr.washington.edu\data\Subjects\AL_0048\2026-07-10\3\widefield.wfz,AL_0048/2026-07-10/3,SAFE,metadata checks pass,257381002752,257381002752,99197475690,99197475690,2,True,True,637ad6764920281231ac6c223649587a897d4053c150f0dd1709fd28290d6eb8,False,,,False
\\sahale.biostr.washington.edu\data\Subjects\ZYE_0058\2022-03-09\1\widefield.tar,\\sahale.biostr.washington.edu\data\Subjects\ZYE_0058\2022-03-09\1\widefield.wfz,ZYE_0058/2022-03-09/1,SAFE,metadata checks pass,254283290112,254283290112,113769903627,113769903627,2,True,True,d8fddb63fe28e12115f0ee0c1cd19464c2824c86955e90a960bb088c1a74de41,False,,,False
\\sahale.biostr.washington.edu\data\Subjects\AL_0039\2025-04-28\1\widefield.tar,\\sahale.biostr.washington.edu\data\Subjects\AL_0039\2025-04-28\1\widefield.wfz,AL_0039/2025-04-28/1,SAFE,metadata checks pass,258270131712,258270131712,110332315819,110332315819,2,True,True,06e725106a98df414ee2957e40065a244e9da6662c2f00d28d1f4ba1eb2bd888,False,,,False
\\sahale.biostr.washington.edu\data\Subjects\AB_0032\2024-06-28\1\widefield.tar,\\sahale.biostr.washington.edu\data\Subjects\AB_0032\2024-06-28\1\widefield.wfz,AB_0032/2024-06-28/1,SAFE,metadata checks pass,267169648128,267169648128,115379509534,115379509534,2,True,True,459a13d055827f6b1676054251975316eb512edbcc0acdbb7376bf00d6835a8b,False,,,False
\\sahale.biostr.washington.edu\data\Subjects\AL_0041\2026-05-26\1\widefield.tar,\\sahale.biostr.washington.edu\data\Subjects\AL_0041\2026-05-26\1\widefield.wfz,AL_0041/2026-05-26/1,SAFE,metadata checks pass,247253159424,247253159424,93744301772,93744301772,2,True,True,c4f5a5ccd1a61fc664c962993da22fa879dad0ffb8f57de74c0044af0ab6de18,False,,,False
\\sahale.biostr.washington.edu\data\Subjects\AB_0032\2024-07-24\1\widefield.tar,\\sahale.biostr.washington.edu\data\Subjects\AB_0032\2024-07-24\1\widefield.wfz,AB_0032/2024-07-24/1,SAFE,metadata checks pass,246396304896,246396304896,108934842267,108934842267,2,True,True,55112196380530fff787f9d1ef99a4bd2aa0a092ee057ee505f9ee713718cd59,False,,,False
\\sahale.biostr.washington.edu\data\Subjects\AL_0033\2025-04-30\1\widefield.tar,\\sahale.biostr.washington.edu\data\Subjects\AL_0033\2025-04-30\1\widefield.wfz,AL_0033/2025-04-30/1,SAFE,metadata checks pass,246364663296,246364663296,100105219900,100105219900,2,True,True,eeb5f3b388ddfa267b682b0e366d7885287e525814152771b3a389739a8ffc3f,False,,,False
\\sahale.biostr.washington.edu\data\Subjects\AL_0035\2025-04-24\1\widefield.tar,\\sahale.biostr.washington.edu\data\Subjects\AL_0035\2025-04-24\1\widefield.wfz,AL_0035/2025-04-24/1,SAFE,metadata checks pass,244069381632,244069381632,102843430840,102843430840,2,True,True,571583d92fad460fce7dbb9cc85f74bb944a8660b6dc3a8b923245352b2b3a13,False,,,False
\\sahale.biostr.washington.edu\data\Subjects\AL_0033\2025-01-29\1\widefield.tar,\\sahale.biostr.washington.edu\data\Subjects\AL_0033\2025-01-29\1\widefield.wfz,AL_0033/2025-01-29/1,SAFE,metadata checks pass,242555450880,242555450880,101523992747,101523992747,2,True,True,ee04bdf271a0e201e90d02a5a75c2ecdd502e189c4713519dae2519fbfbb7514,False,,,False
\\sahale.biostr.washington.edu\data\Subjects\ZYE_0058\2022-01-31\1\widefield.tar,\\sahale.biostr.washington.edu\data\Subjects\ZYE_0058\2022-01-31\1\widefield.wfz,ZYE_0058/2022-01-31/1,SAFE,metadata checks pass,238871468032,238871468032,106119119412,106119119412,2,True,True,616a9f5e067bd08ccb699678898193e7e3a36ed074c1c605c57bbf73b6be0afe,False,,,False
\\sahale.biostr.washington.edu\data\Subjects\ZYE_0069\2023-08-24\4\widefield.tar,\\sahale.biostr.washington.edu\data\Subjects\ZYE_0069\2023-08-24\4\widefield.wfz,ZYE_0069/2023-08-24/4,SAFE,metadata checks pass,244725628416,244725628416,108084581329,108084581329,2,True,True,5cb82a0f5f7a6f2c092d2cecfaa84c1ebd7d98112020a89887e4046044719ec6,False,,,False
\\sahale.biostr.washington.edu\data\Subjects\ZYE_0057\2022-01-28\1\widefield.tar,\\sahale.biostr.washington.edu\data\Subjects\ZYE_0057\2022-01-28\1\widefield.wfz,ZYE_0057/2022-01-28/1,SAFE,metadata checks pass,238267123200,238267123200,105950720320,105950720320,2,True,True,06ad928eda3c9c51ff451693f03ec335df338f59647ab43b0b034b6f5cf7b484,False,,,False
\\sahale.biostr.washington.edu\data\Subjects\AL_0046\2026-02-22\1\widefield.tar,\\sahale.biostr.washington.edu\data\Subjects\AL_0046\2026-02-22\1\widefield.wfz,AL_0046/2026-02-22/1,SAFE,metadata checks pass,237278461440,237278461440,90569317533,90569317533,2,True,True,9f4e0872f4aab98dcff78f69bda310926f5734fb91472960dfefaedd4e861e7c,False,,,False
\\sahale.biostr.washington.edu\data\Subjects\AL_0039\2025-06-20\3\widefield.tar,\\sahale.biostr.washington.edu\data\Subjects\AL_0039\2025-06-20\3\widefield.wfz,AL_0039/2025-06-20/3,SAFE,metadata checks pass,235712202240,235712202240,96217221427,96217221427,2,True,True,528e3c607bf740b23df714b94e29b60203dec2928b610f555d131b6e1a63a901,False,,,False
\\sahale.biostr.washington.edu\data\Subjects\AL_0033\2025-01-16\3\widefield.tar,\\sahale.biostr.washington.edu\data\Subjects\AL_0033\2025-01-16\3\widefield.wfz,AL_0033/2025-01-16/3,SAFE,metadata checks pass,233675836928,233675836928,96244698605,96244698605,2,True,True,1b83b68418458836626594802cfb589468d3ac8188a6d4bd85f33170dd542312,False,,,False
\\sahale.biostr.washington.edu\data\Subjects\AL_0035\2025-01-08\1\widefield.tar,\\sahale.biostr.washington.edu\data\Subjects\AL_0035\2025-01-08\1\widefield.wfz,AL_0035/2025-01-08/1,SAFE,metadata checks pass,233308706304,233308706304,104623000213,104623000213,2,True,True,d2d7e92edc1ae53ac5fd1d956f7886f4f2240d39f872c528010bf54f7baab3a4,False,,,False
\\sahale.biostr.washington.edu\data\Subjects\ZYE_0058\2022-03-10\1\widefield.tar,\\sahale.biostr.washington.edu\data\Subjects\ZYE_0058\2022-03-10\1\widefield.wfz,ZYE_0058/2022-03-10/1,SAFE,metadata checks pass,234162396672,234162396672,105135575699,105135575699,2,True,True,496966cd44158caa6b71dc356b3ab0c9465ccaadac48db09526ceaa2ffe1d330,False,,,False
\\sahale.biostr.washington.edu\data\Subjects\ZYE_0058\2022-02-04\1\widefield.tar,\\sahale.biostr.washington.edu\data\Subjects\ZYE_0058\2022-02-04\1\widefield.wfz,ZYE_0058/2022-02-04/1,SAFE,metadata checks pass,232315088384,232315088384,101516309829,101516309829,2,True,True,8255333aacae2ad50ead9075c66fac0ccedfd855824d4594e11d442f40d4e887,False,,,False
\\sahale.biostr.washington.edu\data\Subjects\AL_0045\2026-01-30\1\widefield.tar,\\sahale.biostr.washington.edu\data\Subjects\AL_0045\2026-01-30\1\widefield.wfz,AL_0045/2026-01-30/1,SAFE,metadata checks pass,232043042304,232043042304,81766777973,81766777973,2,True,True,f9146fa02ab444a773590a2b5634f95674e4a8adb0845b97a75b2b3f3e9ca2f6,False,,,False
\\sahale.biostr.washington.edu\data\Subjects\AL_0033\2025-06-23\1\widefield.tar,\\sahale.biostr.washington.edu\data\Subjects\AL_0033\2025-06-23\1\widefield.wfz,AL_0033/2025-06-23/1,SAFE,metadata checks pass,231719665152,231719665152,88925850844,88925850844,2,True,True,425eab4994f8a2e6fbcf901157c92deb9f67f239f127bc7d8328263448ad18e8,False,,,False
\\sahale.biostr.washington.edu\data\Subjects\ZYE_0058\2022-01-30\1\widefield.tar,\\sahale.biostr.washington.edu\data\Subjects\ZYE_0058\2022-01-30\1\widefield.wfz,ZYE_0058/2022-01-30/1,SAFE,metadata checks pass,231283421696,231283421696,99044019339,99044019339,2,True,True,914aad1f1fe70e1ea29eb52aa329178d073450600e2744314b7c5fd00f588906,False,,,False
\\sahale.biostr.washington.edu\data\Subjects\LK_0003\2021-05-20\3\widefield.tar,\\sahale.biostr.washington.edu\data\Subjects\LK_0003\2021-05-20\3\widefield.wfz,LK_0003/2021-05-20/3,SAFE,metadata checks pass,231077064192,231077064192,103503080117,103503080117,2,True,True,d6845c3168df8dd4fcfa997696e081fa855521adfcfe8b48d1e8640b9268f72e,False,,,False
\\sahale.biostr.washington.edu\data\Subjects\AL_0039\2025-06-05\1\widefield.tar,\\sahale.biostr.washington.edu\data\Subjects\AL_0039\2025-06-05\1\widefield.wfz,AL_0039/2025-06-05/1,SAFE,metadata checks pass,230666632704,230666632704,92966091452,92966091452,2,True,True,0da65aa0911096175460c9c09fc612154480dc777c46e838726b5466e4b1fd7f,False,,,False
\\sahale.biostr.washington.edu\data\Subjects\AL_0039\2025-06-19\1\widefield.tar,\\sahale.biostr.washington.edu\data\Subjects\AL_0039\2025-06-19\1\widefield.wfz,AL_0039/2025-06-19/1,SAFE,metadata checks pass,229035824640,229035824640,93183732238,93183732238,2,True,True,33d8b870333fd0bd3efdef2fd7add619dc680ac0899db13ac748f603764d37f5,False,,,False
\\sahale.biostr.washington.edu\data\Subjects\ZYE_0058\2022-02-02\2\widefield.tar,\\sahale.biostr.washington.edu\data\Subjects\ZYE_0058\2022-02-02\2\widefield.wfz,ZYE_0058/2022-02-02/2,SAFE,metadata checks pass,228953102848,228953102848,100870305165,100870305165,2,True,True,e82feb2e2675f9412a3f7b894997d36077fe208397cfd73e4e448431d339db61,False,,,False
\\sahale.biostr.washington.edu\data\Subjects\ZYE_0059\2022-03-14\1\widefield.tar,\\sahale.biostr.washington.edu\data\Subjects\ZYE_0059\2022-03-14\1\widefield.wfz,ZYE_0059/2022-03-14/1,SAFE,metadata checks pass,227937861120,227937861120,103445255389,103445255389,2,True,True,dbf885fcfbf6119c9c0aeda522568b52d71b03ea905c3abb7570eeea768809dd,False,,,False
\\sahale.biostr.washington.edu\data\Subjects\ZYE_0009\2020-08-18\1\widefield.tar,\\sahale.biostr.washington.edu\data\Subjects\ZYE_0009\2020-08-18\1\widefield.wfz,ZYE_0009/2020-08-18/1,SAFE,metadata checks pass,227348017152,227348017152,98950145976,98950145976,2,True,True,3db6e3328300eae3bfd461728067e3c25a323c9c6976b25c4988e04ed882803b,False,,,False
\\sahale.biostr.washington.edu\data\Subjects\AL_0033\2025-06-18\1\widefield.tar,\\sahale.biostr.washington.edu\data\Subjects\AL_0033\2025-06-18\1\widefield.wfz,AL_0033/2025-06-18/1,SAFE,metadata checks pass,227257566720,227257566720,83664534869,83664534869,2,True,True,81ee5bfbe3379c6857999a51bdedecf2396c4b083b7e2052246fbc984dc1259a,False,,,False
\\sahale.biostr.washington.edu\data\Subjects\ZYE_0058\2022-02-01\1\widefield.tar,\\sahale.biostr.washington.edu\data\Subjects\ZYE_0058\2022-02-01\1\widefield.wfz,ZYE_0058/2022-02-01/1,SAFE,metadata checks pass,227076949504,227076949504,102911300987,102911300987,2,True,True,3fa6ae091ab36f47372ba77349a50e4b09956c49f446a7ee397afd8451a3a9ec,False,,,False
\\sahale.biostr.washington.edu\data\Subjects\ZYE_0085\2024-07-25\3\widefield.tar,\\sahale.biostr.washington.edu\data\Subjects\ZYE_0085\2024-07-25\3\widefield.wfz,ZYE_0085/2024-07-25/3,SAFE,metadata checks pass,224438932992,224438932992,92703762386,92703762386,2,True,True,adf09c637f75ec412bf7eed86cde523468cd436390181f5b57e0528f1d56f7a3,False,,,False
\\sahale.biostr.washington.edu\data\Subjects\AB_0032\2024-08-14\1\widefield.tar,\\sahale.biostr.washington.edu\data\Subjects\AB_0032\2024-08-14\1\widefield.wfz,AB_0032/2024-08-14/1,SAFE,metadata checks pass,226635492864,226635492864,93748471303,93748471303,2,True,True,a8e777bef59ece23760a6d4fdb10daa3fd325d7e37acd75ff810c9463cc80f25,False,,,False
\\sahale.biostr.washington.edu\data\Subjects\ZYE_0009\2020-08-17\1\widefield.tar,\\sahale.biostr.washington.edu\data\Subjects\ZYE_0009\2020-08-17\1\widefield.wfz,ZYE_0009/2020-08-17/1,SAFE,metadata checks pass,225509617152,225509617152,98207070777,98207070777,2,True,True,c7d15786bca76dad137515ea3431ebf172f04e69fbf08904b484f659141a2c24,False,,,False
\\sahale.biostr.washington.edu\data\Subjects\AL_0046\2026-02-12\1\widefield.tar,\\sahale.biostr.washington.edu\data\Subjects\AL_0046\2026-02-12\1\widefield.wfz,AL_0046/2026-02-12/1,SAFE,metadata checks pass,220384378368,220384378368,79572518795,79572518795,2,True,True,c2e11b4e8b40e24a4ff849cb86d6f859375832062e4c1a3c32e151fae3ba898d,False,,,False
\\sahale.biostr.washington.edu\data\Subjects\AL_0039\2025-10-03\1\widefield.tar,\\sahale.biostr.washington.edu\data\Subjects\AL_0039\2025-10-03\1\widefield.wfz,AL_0039/2025-10-03/1,SAFE,metadata checks pass,218444748288,218444748288,73752810761,73752810761,2,True,True,7614877a28cee804a75316efd59a498cae9891ae8c23c8353be1b4f14994e516,False,,,False
\\sahale.biostr.washington.edu\data\Subjects\AL_0023\2023-08-30\1\widefield.tar,\\sahale.biostr.washington.edu\data\Subjects\AL_0023\2023-08-30\1\widefield.wfz,AL_0023/2023-08-30/1,SAFE,metadata checks pass,217932787200,217932787200,95222436473,95222436473,2,True,True,119c86df24a5530f4927342ade24963d23bd0d3c911d4d46a279980df792d4aa,False,,,False
\\sahale.biostr.washington.edu\data\Subjects\LK_0003\2021-04-06\1\widefield.tar,\\sahale.biostr.washington.edu\data\Subjects\LK_0003\2021-04-06\1\widefield.wfz,LK_0003/2021-04-06/1,SAFE,metadata checks pass,215487057408,215487057408,97114576223,97114576223,2,True,True,aec47e1a44907bc62233a89548deb9156e331c23e899322dafcdf1e794f32e71,False,,,False
\\sahale.biostr.washington.edu\data\Subjects\AL_0039\2025-05-13\1\widefield.tar,\\sahale.biostr.washington.edu\data\Subjects\AL_0039\2025-05-13\1\widefield.wfz,AL_0039/2025-05-13/1,SAFE,metadata checks pass,214527518208,214527518208,89498459839,89498459839,2,True,True,5752ad7ac814a2ed370735c6047f6e37a093c283a15d63372e7016fc914a48fe,False,,,False
\\sahale.biostr.washington.edu\data\Subjects\AL_0039\2025-05-12\1\widefield.tar,\\sahale.biostr.washington.edu\data\Subjects\AL_0039\2025-05-12\1\widefield.wfz,AL_0039/2025-05-12/1,SAFE,metadata checks pass,214480055808,214480055808,88906795786,88906795786,2,True,True,a3ecc5003b91e9b791d1e0b57504e9837700133d852289e7b32a24ad44ef2ac6,False,,,False
\\sahale.biostr.washington.edu\data\Subjects\AL_0039\2025-06-25\1\widefield.tar,\\sahale.biostr.washington.edu\data\Subjects\AL_0039\2025-06-25\1\widefield.wfz,AL_0039/2025-06-25/1,SAFE,metadata checks pass,213690281472,213690281472,85151734904,85151734904,2,True,True,1dd784e8ffe46e0edd9d81dac13af9ea2585e2113b778f0e02d246bd26c9b646,False,,,False
\\sahale.biostr.washington.edu\data\Subjects\AL_0033\2025-05-12\3\widefield.tar,\\sahale.biostr.washington.edu\data\Subjects\AL_0033\2025-05-12\3\widefield.wfz,AL_0033/2025-05-12/3,SAFE,metadata checks pass,213544730112,213544730112,85369271959,85369271959,2,True,True,e913a1774bc2e310e9c19829949ba9844f1cfa3a9f911eeed8ab8bb111490448,False,,,False
\\sahale.biostr.washington.edu\data\Subjects\ZYE_0009\2020-08-30\1\widefield.tar,\\sahale.biostr.washington.edu\data\Subjects\ZYE_0009\2020-08-30\1\widefield.wfz,ZYE_0009/2020-08-30/1,SAFE,metadata checks pass,213390884352,213390884352,91639712045,91639712045,2,True,True,7e6d59b23b6d3ccae2dca170881a2b09c18b93b2d3405cf981dca5a74978ced9,False,,,False
\\sahale.biostr.washington.edu\data\Subjects\AL_0033\2024-09-23\1\widefield.tar,\\sahale.biostr.washington.edu\data\Subjects\AL_0033\2024-09-23\1\widefield.wfz,AL_0033/2024-09-23/1,SAFE,metadata checks pass,212984040960,212984040960,90461735952,90461735952,2,True,True,03e95653b7779056418be014b32bdeef6c4e98afc510f2d3526e1ddcbf51b0f8,False,,,False
\\sahale.biostr.washington.edu\data\Subjects\AL_0039\2025-05-14\1\widefield.tar,\\sahale.biostr.washington.edu\data\Subjects\AL_0039\2025-05-14\1\widefield.wfz,AL_0039/2025-05-14/1,SAFE,metadata checks pass,212105670144,212105670144,91876625168,91876625168,2,True,True,853740116cdca92b7b09909e9ebc5a96fed290b8283265babe4ded146fea18c1,False,,,False
\\sahale.biostr.washington.edu\data\Subjects\AL_0033\2024-12-17\1\widefield.tar,\\sahale.biostr.washington.edu\data\Subjects\AL_0033\2024-12-17\1\widefield.wfz,AL_0033/2024-12-17/1,SAFE,metadata checks pass,212073395712,212073395712,91181826996,91181826996,2,True,True,334f4a569e12d992d833ed5fe4d35b3e1516c75f314514444b5eedf871c2461e,False,,,False
\\sahale.biostr.washington.edu\data\Subjects\ZYE_0085\2024-07-24\1\widefield.tar,\\sahale.biostr.washington.edu\data\Subjects\ZYE_0085\2024-07-24\1\widefield.wfz,ZYE_0085/2024-07-24/1,SAFE,metadata checks pass,212070231552,212070231552,87370529528,87370529528,2,True,True,8430509b51e8b7d6704dc508c140e3b0ddb0ff17a3e31bf43c2d8c74502707eb,False,,,False
\\sahale.biostr.washington.edu\data\Subjects\ZYE_0085\2024-07-29\7\widefield.tar,\\sahale.biostr.washington.edu\data\Subjects\ZYE_0085\2024-07-29\7\widefield.wfz,ZYE_0085/2024-07-29/7,SAFE,metadata checks pass,211481064960,211481064960,86460907985,86460907985,2,True,True,e5f12274811b6746195c93c719c9a8704ae87dc4ba93b0d0b7c53f05ee08806d,False,,,False
\\sahale.biostr.washington.edu\data\Subjects\AL_0033\2024-07-18\1\widefield.tar,\\sahale.biostr.washington.edu\data\Subjects\AL_0033\2024-07-18\1\widefield.wfz,AL_0033/2024-07-18/1,SAFE,metadata checks pass,210998214144,210998214144,87673388684,87673388684,2,True,True,698086c4283bf6ebec3963d2959c2ae2331167b417190595a53107fb8b9a0b52,False,,,False
\\sahale.biostr.washington.edu\data\Subjects\AB_0032\2024-05-02\1\widefield.tar,\\sahale.biostr.washington.edu\data\Subjects\AB_0032\2024-05-02\1\widefield.wfz,AB_0032/2024-05-02/1,SAFE,metadata checks pass,210604592640,210604592640,86255371309,86255371309,2,True,True,c18c1bb0f32049764c8207dd99f654398adb7a9e6c9441625e5f1862ad5629d9,False,,,False
\\sahale.biostr.washington.edu\data\Subjects\ZYE_0058\2022-01-29\1\widefield.tar,\\sahale.biostr.washington.edu\data\Subjects\ZYE_0058\2022-01-29\1\widefield.wfz,ZYE_0058/2022-01-29/1,SAFE,metadata checks pass,210177059328,210177059328,92549602124,92549602124,2,True,True,b36d5a07b0a921fa4873fd90d79cb52701c3bc01f9ebf23a885b9a62fc95d7de,False,,,False
\\sahale.biostr.washington.edu\data\Subjects\AL_0033\2024-11-21\1\widefield.tar,\\sahale.biostr.washington.edu\data\Subjects\AL_0033\2024-11-21\1\widefield.wfz,AL_0033/2024-11-21/1,SAFE,metadata checks pass,209657243136,209657243136,87683477207,87683477207,2,True,True,c7ea322aa410a0f1dbb53177eb91f08489e3b0182f7f95ba235a03d9781b34e0,False,,,False
\\sahale.biostr.washington.edu\data\Subjects\AL_0036\2025-01-08\1\widefield.tar,\\sahale.biostr.washington.edu\data\Subjects\AL_0036\2025-01-08\1\widefield.wfz,AL_0036/2025-01-08/1,SAFE,metadata checks pass,209834436096,209834436096,91890037894,91890037894,2,True,True,f53b9068fd3bb543f8ae28142c04bab72ed05c2ddedb0574cce47d8587e2c9d4,False,,,False
\\sahale.biostr.washington.edu\data\Subjects\AL_0039\2025-06-18\2\widefield.tar,\\sahale.biostr.washington.edu\data\Subjects\AL_0039\2025-06-18\2\widefield.wfz,AL_0039/2025-06-18/2,SAFE,metadata checks pass,209254761984,209254761984,80933265821,80933265821,2,True,True,b3abf83d6327f094d8087aa84af61487fc448e73e4c584abecf2d24ea833fef3,False,,,False
\\sahale.biostr.washington.edu\data\Subjects\AL_0039\2025-10-02\1\widefield.tar,\\sahale.biostr.washington.edu\data\Subjects\AL_0039\2025-10-02\1\widefield.wfz,AL_0039/2025-10-02/1,SAFE,metadata checks pass,269791471616,269791471616,102737582949,102737582949,2,True,True,a12fde88363eb7aa98d95c05383925196d44025cb060eb2c72867d306cfe93d1,False,,,False
\\sahale.biostr.washington.edu\data\Subjects\AL_0033\2024-08-09\1\widefield.tar,\\sahale.biostr.washington.edu\data\Subjects\AL_0033\2024-08-09\1\widefield.wfz,AL_0033/2024-08-09/1,SAFE,metadata checks pass,209076936192,209076936192,87305399347,87305399347,2,True,True,ea61803e1c3da65036d1c3950d4e558b8787d186c6eecd3501530e3874036b29,False,,,False
\\sahale.biostr.washington.edu\data\Subjects\ZYE_0049\2021-12-04\1\widefield.tar,\\sahale.biostr.washington.edu\data\Subjects\ZYE_0049\2021-12-04\1\widefield.wfz,ZYE_0049/2021-12-04/1,SAFE,metadata checks pass,208834561536,208834561536,96260009447,96260009447,2,True,True,d593261ca49db8f3c8d8cf6556d4fcf2adf5febaf83b0400ac7e8339d0305510,False,,,False
\\sahale.biostr.washington.edu\data\Subjects\AL_0033\2024-08-18\1\widefield.tar,\\sahale.biostr.washington.edu\data\Subjects\AL_0033\2024-08-18\1\widefield.wfz,AL_0033/2024-08-18/1,SAFE,metadata checks pass,207552443904,207552443904,84055864052,84055864052,2,True,True,9a5e9c3b8a3f6a05846d4e8db85530b2af7e3f2b2917d259cfe99a3be479f2c1,False,,,False
\\sahale.biostr.washington.edu\data\Subjects\ZYE_0049\2021-12-01\2\widefield.tar,\\sahale.biostr.washington.edu\data\Subjects\ZYE_0049\2021-12-01\2\widefield.wfz,ZYE_0049/2021-12-01/2,SAFE,metadata checks pass,207429674496,207429674496,92733745745,92733745745,2,True,True,2eb47c4f76d6863b86f58d20223321fa59d7cd2381fc92c43c316944bd314f89,False,,,False
\\sahale.biostr.washington.edu\data\Subjects\AB_0032\2024-07-29\1\widefield.tar,\\sahale.biostr.washington.edu\data\Subjects\AB_0032\2024-07-29\1\widefield.wfz,AB_0032/2024-07-29/1,SAFE,metadata checks pass,206220332544,206220332544,90634212367,90634212367,2,True,True,20083992434b3dbae7fdec3371db73c08e69d57b863817d7d3732966a8c5ac0d,False,,,False
\\sahale.biostr.washington.edu\data\Subjects\ZYE_0009\2020-08-15\1\widefield.tar,\\sahale.biostr.washington.edu\data\Subjects\ZYE_0009\2020-08-15\1\widefield.wfz,ZYE_0009/2020-08-15/1,SAFE,metadata checks pass,206335575552,206335575552,88654585848,88654585848,2,True,True,d79839f31a03b32cad4e025e501c93a92bd88fe72ed594133ecc5e100c3496a0,False,,,False
\\sahale.biostr.washington.edu\data\Subjects\AL_0033\2025-02-13\2\widefield.tar,\\sahale.biostr.washington.edu\data\Subjects\AL_0033\2025-02-13\2\widefield.wfz,AL_0033/2025-02-13/2,SAFE,metadata checks pass,205231695360,205231695360,85146418186,85146418186,2,True,True,074f32da76ab6d01f13cc20ff7724fd6a6d6582ecb215e272df1e4001d061ad2,False,,,False
\\sahale.biostr.washington.edu\data\Subjects\AL_0033\2025-04-03\1\widefield.tar,\\sahale.biostr.washington.edu\data\Subjects\AL_0033\2025-04-03\1\widefield.wfz,AL_0033/2025-04-03/1,SAFE,metadata checks pass,204944543232,204944543232,83070913477,83070913477,2,True,True,c007823e6656d306ee0d731d1080a81bebb88a8080ea39ebc583786952ee38f6,False,,,False
\\sahale.biostr.washington.edu\data\Subjects\AL_0039\2025-06-17\1\widefield.tar,\\sahale.biostr.washington.edu\data\Subjects\AL_0039\2025-06-17\1\widefield.wfz,AL_0039/2025-06-17/1,SAFE,metadata checks pass,204554085888,204554085888,81870200196,81870200196,2,True,True,0370a2241d3b34ab2ea9c1788f16209686c1eaccba717decb5ac3aeb88c89a96,False,,,False
\\sahale.biostr.washington.edu\data\Subjects\AL_0033\2024-09-09\1\widefield.tar,\\sahale.biostr.washington.edu\data\Subjects\AL_0033\2024-09-09\1\widefield.wfz,AL_0033/2024-09-09/1,SAFE,metadata checks pass,204374361600,204374361600,85010438628,85010438628,2,True,True,6ac7932bc924cca7931271523ed91d2a39b9b6e4fd6bc0e90d2172fe7f6d3740,False,,,False
\\sahale.biostr.washington.edu\data\Subjects\AL_0033\2025-01-18\1\widefield.tar,\\sahale.biostr.washington.edu\data\Subjects\AL_0033\2025-01-18\1\widefield.wfz,AL_0033/2025-01-18/1,SAFE,metadata checks pass,203782308352,203782308352,73954012380,73954012380,2,True,True,c159c43a41b5fa11085509333c97de69a6bbb08ec866cdfbf3a2eb09a9da9318,False,,,False
\\sahale.biostr.washington.edu\data\Subjects\ZYE_0041\2021-09-02\2\widefield.tar,\\sahale.biostr.washington.edu\data\Subjects\ZYE_0041\2021-09-02\2\widefield.wfz,ZYE_0041/2021-09-02/2,SAFE,metadata checks pass,203848478208,203848478208,87971194094,87971194094,2,True,True,829d95b49200bcdd6250c48e48d0ce2681c1ab57860450e7d22a70b69c7b7bc3,False,,,False
\\sahale.biostr.washington.edu\data\Subjects\AL_0033\2024-07-19\1\widefield.tar,\\sahale.biostr.washington.edu\data\Subjects\AL_0033\2024-07-19\1\widefield.wfz,AL_0033/2024-07-19/1,SAFE,metadata checks pass,202618885632,202618885632,83326587452,83326587452,2,True,True,89604a50de1b966ed32e3c6f90782cf1cc5545274ca7d6a828ec45e963478dd9,False,,,False
\\sahale.biostr.washington.edu\data\Subjects\AL_0039\2025-07-03\1\widefield.tar,\\sahale.biostr.washington.edu\data\Subjects\AL_0039\2025-07-03\1\widefield.wfz,AL_0039/2025-07-03/1,SAFE,metadata checks pass,201724061184,201724061184,79419635591,79419635591,2,True,True,b8aa57002b56f4327d1be721a47a1e60c6bcf8236680c460f094f99933c53adf,False,,,False
\\sahale.biostr.washington.edu\data\Subjects\ZYE_0057\2022-01-30\1\widefield.tar,\\sahale.biostr.washington.edu\data\Subjects\ZYE_0057\2022-01-30\1\widefield.wfz,ZYE_0057/2022-01-30/1,SAFE,metadata checks pass,201648759808,201648759808,88635708134,88635708134,2,True,True,659ea661f7051dc0477b53ae687b6d68ccfb4aca86a2b62862c670b9bd1c5452,False,,,False
\\sahale.biostr.washington.edu\data\Subjects\AL_0033\2024-06-22\1\widefield.tar,\\sahale.biostr.washington.edu\data\Subjects\AL_0033\2024-06-22\1\widefield.wfz,AL_0033/2024-06-22/1,SAFE,metadata checks pass,199984406016,199984406016,81558255681,81558255681,2,True,True,d20739ffa73a577e1914e0d23de537ebb252659a20ba7a221cb933496fd63fcb,False,,,False
\\sahale.biostr.washington.edu\data\Subjects\AL_0034\2024-08-13\1\widefield.tar,\\sahale.biostr.washington.edu\data\Subjects\AL_0034\2024-08-13\1\widefield.wfz,AL_0034/2024-08-13/1,SAFE,metadata checks pass,200368535040,200368535040,85792040615,85792040615,2,True,True,f29ca1b5f780327bee4b7411268976b1e6ff8e791f74fc4d825a0d9e33a15dbd,False,,,False
\\sahale.biostr.washington.edu\data\Subjects\AL_0033\2025-05-10\1\widefield.tar,\\sahale.biostr.washington.edu\data\Subjects\AL_0033\2025-05-10\1\widefield.wfz,AL_0033/2025-05-10/1,SAFE,metadata checks pass,199644575232,199644575232,79389318430,79389318430,2,True,True,cdec23c8faf6eac91f9a751319db3e37493587e31def8c061d3a4019b809d39c,False,,,False
\\sahale.biostr.washington.edu\data\Subjects\AL_0033\2024-08-26\1\widefield.tar,\\sahale.biostr.washington.edu\data\Subjects\AL_0033\2024-08-26\1\widefield.wfz,AL_0033/2024-08-26/1,SAFE,metadata checks pass,199056041472,199056041472,81056923136,81056923136,2,True,True,adcddfea86e240986259bef80fa6b8ab4deb42bc8acb24c2b2803af3a9351984,False,,,False
\\sahale.biostr.washington.edu\data\Subjects\ZYE_0059\2022-03-09\1\widefield.tar,\\sahale.biostr.washington.edu\data\Subjects\ZYE_0059\2022-03-09\1\widefield.wfz,ZYE_0059/2022-03-09/1,SAFE,metadata checks pass,199512313344,199512313344,90813498833,90813498833,2,True,True,75f118e881a82f32eb380e8cc9a9e47d3941807beb0cb2dfd7bc59a9332f2d64,False,,,False
\\sahale.biostr.washington.edu\data\Subjects\AL_0032\2024-04-19\1\widefield.tar,\\sahale.biostr.washington.edu\data\Subjects\AL_0032\2024-04-19\1\widefield.wfz,AL_0032/2024-04-19/1,SAFE,metadata checks pass,197884669440,197884669440,80129584131,80129584131,2,True,True,8dcbfffd1686ae41339328a4dd289e42ce94542c95ebbe2ed9ffddfcbc9e54e5,False,,,False
\\sahale.biostr.washington.edu\data\Subjects\AL_0034\2024-08-27\1\widefield.tar,\\sahale.biostr.washington.edu\data\Subjects\AL_0034\2024-08-27\1\widefield.wfz,AL_0034/2024-08-27/1,SAFE,metadata checks pass,197432194560,197432194560,82285347753,82285347753,2,True,True,e70b94e4e11d6122a0d6a0de54ec96a33b279aaaac7286db1b01feedbe6e9ba1,False,,,False
\\sahale.biostr.washington.edu\data\Subjects\AL_0033\2024-08-23\1\widefield.tar,\\sahale.biostr.washington.edu\data\Subjects\AL_0033\2024-08-23\1\widefield.wfz,AL_0033/2024-08-23/1,SAFE,metadata checks pass,197001868800,197001868800,79578314527,79578314527,2,True,True,a0f76ec3a5ab085ea857af7345be728cd054deaae8dc421b57b884a765d4fe51,False,,,False
\\sahale.biostr.washington.edu\data\Subjects\AL_0034\2024-09-03\1\widefield.tar,\\sahale.biostr.washington.edu\data\Subjects\AL_0034\2024-09-03\1\widefield.wfz,AL_0034/2024-09-03/1,SAFE,metadata checks pass,195762150912,195762150912,84674361220,84674361220,2,True,True,fb2de51b99d768243a12aed99b92fb8eaa2ccc47e7c40eb0eec9f3d098412b67,False,,,False
\\sahale.biostr.washington.edu\data\Subjects\ZYE_0046\2021-11-24\1\widefield.tar,\\sahale.biostr.washington.edu\data\Subjects\ZYE_0046\2021-11-24\1\widefield.wfz,ZYE_0046/2021-11-24/1,SAFE,metadata checks pass,196947445248,196947445248,88251027950,88251027950,2,True,True,264699f347014efb0cec756e3956e6d2f3f0d77b6e6ac2f396c94fe457e61f3d,False,,,False
\\sahale.biostr.washington.edu\data\Subjects\AL_0048\2026-07-15\1\widefield.tar,\\sahale.biostr.washington.edu\data\Subjects\AL_0048\2026-07-15\1\widefield.wfz,AL_0048/2026-07-15/1,SAFE,metadata checks pass,195134381568,195134381568,74082381893,74082381893,2,True,True,dc4ed9926f1a6635167654c41d405c70bb00af0dc2586c7204eb2acbddf34882,False,,,False
\\sahale.biostr.washington.edu\data\Subjects\AL_0033\2024-09-16\1\widefield.tar,\\sahale.biostr.washington.edu\data\Subjects\AL_0033\2024-09-16\1\widefield.wfz,AL_0033/2024-09-16/1,SAFE,metadata checks pass,194669250048,194669250048,81341106681,81341106681,2,True,True,f03fea578cf2bda0475ec86fffbe2a839e7ef083952fbf9ad438425d442fabcd,False,,,False
\\sahale.biostr.washington.edu\data\Subjects\AB_0032\2024-04-30\1\widefield.tar,\\sahale.biostr.washington.edu\data\Subjects\AB_0032\2024-04-30\1\widefield.wfz,AB_0032/2024-04-30/1,SAFE,metadata checks pass,194390171136,194390171136,83289731594,83289731594,2,True,True,3d070c5e35a96fae465168b8c3d26262328da232f019b9eb6357b26a8a9a60bd,False,,,False
\\sahale.biostr.washington.edu\data\Subjects\ZYE_0067\2022-10-26\3\widefield.tar,\\sahale.biostr.washington.edu\data\Subjects\ZYE_0067\2022-10-26\3\widefield.wfz,ZYE_0067/2022-10-26/3,SAFE,metadata checks pass,194292082176,194292082176,88181171294,88181171294,2,True,True,0b83bbbfb7023cdadf2e7cf77d5183ca4fefce2401a2fd0a44715b890ae111d5,False,,,False
\\sahale.biostr.washington.edu\data\Subjects\ZYE_0091\2024-07-13\1\widefield.tar,\\sahale.biostr.washington.edu\data\Subjects\ZYE_0091\2024-07-13\1\widefield.wfz,ZYE_0091/2024-07-13/1,SAFE,metadata checks pass,193675070976,193675070976,77156586633,77156586633,2,True,True,c350efc3f86d64b349108037b279234f99f768bf8bdc51810fd8185ca4c85649,False,,,False
\\sahale.biostr.washington.edu\data\Subjects\AB_0032\2024-08-13\2\widefield.tar,\\sahale.biostr.washington.edu\data\Subjects\AB_0032\2024-08-13\2\widefield.wfz,AB_0032/2024-08-13/2,SAFE,metadata checks pass,193300434432,193300434432,80549036669,80549036669,2,True,True,f491a49dcf9e9ef2b07c3f2bf52668366aaed9ebf3c52f034bac08c724146b7d,False,,,False
\\sahale.biostr.washington.edu\data\Subjects\AL_0039\2025-06-26\1\widefield.tar,\\sahale.biostr.washington.edu\data\Subjects\AL_0039\2025-06-26\1\widefield.wfz,AL_0039/2025-06-26/1,SAFE,metadata checks pass,193028316672,193028316672,74665774902,74665774902,2,True,True,42ea19cd4917aa78c49319af5c0c493e5cd59c6f70111ea57cd3809252ac1e89,False,,,False
\\sahale.biostr.washington.edu\data\Subjects\ZYE_0048\2021-12-07\1\widefield.tar,\\sahale.biostr.washington.edu\data\Subjects\ZYE_0048\2021-12-07\1\widefield.wfz,ZYE_0048/2021-12-07/1,SAFE,metadata checks pass,193068185088,193068185088,84262103754,84262103754,2,True,True,faf4041ba9764faa6fbfdaad8e8145232a80b3a454cbae17a60db7a3d34c57a3,False,,,False
\\sahale.biostr.washington.edu\data\Subjects\AB_0032\2024-06-27\1\widefield.tar,\\sahale.biostr.washington.edu\data\Subjects\AB_0032\2024-06-27\1\widefield.wfz,AB_0032/2024-06-27/1,SAFE,metadata checks pass,193293473280,193293473280,85011481838,85011481838,2,True,True,f68fe63f63a608266c2930ab6cab530eb78a7220212605bafc888da54dfc0158,False,,,False
\\sahale.biostr.washington.edu\data\Subjects\ZYE_0057\2022-01-29\1\widefield.tar,\\sahale.biostr.washington.edu\data\Subjects\ZYE_0057\2022-01-29\1\widefield.wfz,ZYE_0057/2022-01-29/1,SAFE,metadata checks pass,192777296896,192777296896,85772236511,85772236511,2,True,True,3609368de1b8a13c77d04167084bfda215817a60806103ccfe721c3b1d804430,False,,,False
\\sahale.biostr.washington.edu\data\Subjects\AB_0026\2024-03-13\1\widefield.tar,\\sahale.biostr.washington.edu\data\Subjects\AB_0026\2024-03-13\1\widefield.wfz,AB_0026/2024-03-13/1,SAFE,metadata checks pass,192130960896,192130960896,83683699319,83683699319,2,True,True,11774be17106480aac6eedd3ebc36707b18d10a873c8c0ac6faf71a513b96564,False,,,False
\\sahale.biostr.washington.edu\data\Subjects\AB_0032\2024-03-13\1\widefield.tar,\\sahale.biostr.washington.edu\data\Subjects\AB_0032\2024-03-13\1\widefield.wfz,AB_0032/2024-03-13/1,SAFE,metadata checks pass,192130960896,192130960896,83683699319,83683699319,2,True,True,11774be17106480aac6eedd3ebc36707b18d10a873c8c0ac6faf71a513b96564,False,,,False
\\sahale.biostr.washington.edu\data\Subjects\AL_0033\2024-08-24\1\widefield.tar,\\sahale.biostr.washington.edu\data\Subjects\AL_0033\2024-08-24\1\widefield.wfz,AL_0033/2024-08-24/1,SAFE,metadata checks pass,191799356928,191799356928,75640273544,75640273544,2,True,True,75352f19dd259d3274bc1e733e1d69c831eb024647f1006528b05546ce59dd5a,False,,,False
\\sahale.biostr.washington.edu\data\Subjects\AL_0039\2025-05-25\1\widefield.tar,\\sahale.biostr.washington.edu\data\Subjects\AL_0039\2025-05-25\1\widefield.wfz,AL_0039/2025-05-25/1,SAFE,metadata checks pass,190845679104,190845679104,79243746762,79243746762,2,True,True,c3ddb6ddd5d9c3989f196f04a25acc22658c85a0ee9aab36d6e2cbf3e15ff692,False,,,False
\\sahale.biostr.washington.edu\data\Subjects\ZYE_0009\2020-08-16\1\widefield.tar,\\sahale.biostr.washington.edu\data\Subjects\ZYE_0009\2020-08-16\1\widefield.wfz,ZYE_0009/2020-08-16/1,SAFE,metadata checks pass,189509332992,189509332992,83117802873,83117802873,2,True,True,7a6a93dae223cfe893f492e4d169ef5b8d72e5b9b9cc79942abbad396978aa8c,False,,,False
\\sahale.biostr.washington.edu\data\Subjects\AL_0032\2024-05-15\1\widefield.tar,\\sahale.biostr.washington.edu\data\Subjects\AL_0032\2024-05-15\1\widefield.wfz,AL_0032/2024-05-15/1,SAFE,metadata checks pass,189282584064,189282584064,77942716370,77942716370,2,True,True,97009dc457f5e570d2e02553a5026e32a70ae2f5dbdc685dd3fdcb943ed78226,False,,,False
\\sahale.biostr.washington.edu\data\Subjects\AL_0033\2025-02-24\2\widefield.tar,\\sahale.biostr.washington.edu\data\Subjects\AL_0033\2025-02-24\2\widefield.wfz,AL_0033/2025-02-24/2,SAFE,metadata checks pass,188462369280,188462369280,75587614645,75587614645,2,True,True,24c3dabdeadb4e260d9419c10ebbfdcfda3e70e07b850e76761baff7057381c1,False,,,False
\\sahale.biostr.washington.edu\data\Subjects\AL_0035\2025-04-27\1\widefield.tar,\\sahale.biostr.washington.edu\data\Subjects\AL_0035\2025-04-27\1\widefield.wfz,AL_0035/2025-04-27/1,SAFE,metadata checks pass,189171838464,189171838464,79917312819,79917312819,2,True,True,608c92cfbfec8b70e177fafdcf2240739e12f241efff16c248b7c0f7ab44ca39,False,,,False
\\sahale.biostr.washington.edu\data\Subjects\AL_0048\2026-07-21\1\widefield.tar,\\sahale.biostr.washington.edu\data\Subjects\AL_0048\2026-07-21\1\widefield.wfz,AL_0048/2026-07-21/1,SAFE,metadata checks pass,188313601536,188313601536,73531455035,73531455035,2,True,True,c52b9b1490bc6f9390032ae398b3adf7140e74a2ba0157188802edddab63f825,False,,,False
\\sahale.biostr.washington.edu\data\Subjects\AL_0033\2025-02-12\2\widefield.tar,\\sahale.biostr.washington.edu\data\Subjects\AL_0033\2025-02-12\2\widefield.wfz,AL_0033/2025-02-12/2,SAFE,metadata checks pass,187632534016,187632534016,75230804757,75230804757,2,True,True,6a0bdfdfc96ab7f1372497e2776e910155d5c54ffa3543456f2f4c1ae55282c8,False,,,False
\\sahale.biostr.washington.edu\data\Subjects\AL_0035\2025-01-19\1\widefield.tar,\\sahale.biostr.washington.edu\data\Subjects\AL_0035\2025-01-19\1\widefield.wfz,AL_0035/2025-01-19/1,SAFE,metadata checks pass,187434714624,187434714624,83901202143,83901202143,2,True,True,8e0cf3a9d67159893bb7aafcd0e6c5a07897cb6d8ccbcbbe80b50a4d3ff40fc0,False,,,False
\\sahale.biostr.washington.edu\data\Subjects\ZYE_0085\2024-07-14\2\widefield.tar,\\sahale.biostr.washington.edu\data\Subjects\ZYE_0085\2024-07-14\2\widefield.wfz,ZYE_0085/2024-07-14/2,SAFE,metadata checks pass,186924019200,186924019200,77677631805,77677631805,2,True,True,62109d31b47514ad11c349bdb94a982579dccf6c4e9ada6f277603eee292e1ca,False,,,False
\\sahale.biostr.washington.edu\data\Subjects\FD_004\2025-11-17\1\widefield.tar,\\sahale.biostr.washington.edu\data\Subjects\FD_004\2025-11-17\1\widefield.wfz,FD_004/2025-11-17/1,SAFE,metadata checks pass,121018368000,121018368000,43964377439,43964377439,2,True,True,00b9791bbe780ea7bdf83ae1129539c1e40bb30700f056311c39b012bea82c20,False,,,False
\\sahale.biostr.washington.edu\data\Subjects\ZYE_0052\2021-12-20\1\widefield.tar,\\sahale.biostr.washington.edu\data\Subjects\ZYE_0052\2021-12-20\1\widefield.wfz,ZYE_0052/2021-12-20/1,SAFE,metadata checks pass,186831625728,186831625728,83527645002,83527645002,2,True,True,5d765608b6b7daace7072bc09d3d1e1314fd40cece4a86c191decf4d54e15dcd,False,,,False
\\sahale.biostr.washington.edu\data\Subjects\ZYE_0058\2022-03-11\1\widefield.tar,\\sahale.biostr.washington.edu\data\Subjects\ZYE_0058\2022-03-11\1\widefield.wfz,ZYE_0058/2022-03-11/1,SAFE,metadata checks pass,186659495424,186659495424,85039488951,85039488951,2,True,True,e5e82d74907a1268edfa591754ee7833f30c12742420d4b95307aaff941f9631,False,,,False
\\sahale.biostr.washington.edu\data\Subjects\AB_0032\2024-03-14\1\widefield.tar,\\sahale.biostr.washington.edu\data\Subjects\AB_0032\2024-03-14\1\widefield.wfz,AB_0032/2024-03-14/1,SAFE,metadata checks pass,185266632192,185266632192,80405867355,80405867355,2,True,True,3bc2f5d3033cb0e68cf5d9347a86e65e9fee512e36a7d9e87c6f9e6c194300e7,False,,,False
\\sahale.biostr.washington.edu\data\Subjects\AL_0032\2024-06-12\1\widefield.tar,\\sahale.biostr.washington.edu\data\Subjects\AL_0032\2024-06-12\1\widefield.wfz,AL_0032/2024-06-12/1,SAFE,metadata checks pass,184983123456,184983123456,74990806433,74990806433,2,True,True,d20a403af9a7226957e8b565567e4460d07175f138a8cd505618da6650c9923e,False,,,False
\\sahale.biostr.washington.edu\data\Subjects\AL_0034\2024-07-25\1\widefield.tar,\\sahale.biostr.washington.edu\data\Subjects\AL_0034\2024-07-25\1\widefield.wfz,AL_0034/2024-07-25/1,SAFE,metadata checks pass,185006538240,185006538240,78799730822,78799730822,2,True,True,64b270095728aed375d7708faa0b6c8bc5970f490ceb9cb16bc065e48c77f3b6,False,,,False
\\sahale.biostr.washington.edu\data\Subjects\AL_0039\2025-07-01\1\widefield.tar,\\sahale.biostr.washington.edu\data\Subjects\AL_0039\2025-07-01\1\widefield.wfz,AL_0039/2025-07-01/1,SAFE,metadata checks pass,184528117248,184528117248,72640159655,72640159655,2,True,True,4e5dea4e20240472917ef92f1700ac174efa22413b1306b10695e9c192001840,False,,,False
\\sahale.biostr.washington.edu\data\Subjects\AL_0039\2025-05-11\1\widefield.tar,\\sahale.biostr.washington.edu\data\Subjects\AL_0039\2025-05-11\1\widefield.wfz,AL_0039/2025-05-11/1,SAFE,metadata checks pass,184369909248,184369909248,80389751653,80389751653,2,True,True,22e5b0ef5bcd8d924419084374e1ad71bf2c27ab480bb400374c0ac6390375fc,False,,,False
\\sahale.biostr.washington.edu\data\Subjects\AB_0032\2024-04-25\1\widefield.tar,\\sahale.biostr.washington.edu\data\Subjects\AB_0032\2024-04-25\1\widefield.wfz,AB_0032/2024-04-25/1,SAFE,metadata checks pass,184153480704,184153480704,77410504675,77410504675,2,True,True,655d2b4d115a1d92ca2725661a7f63b89083469302a9710abbc087745b0eb7d2,False,,,False
\\sahale.biostr.washington.edu\data\Subjects\ZYE_0059\2022-03-16\1\widefield.tar,\\sahale.biostr.washington.edu\data\Subjects\ZYE_0059\2022-03-16\1\widefield.wfz,ZYE_0059/2022-03-16/1,SAFE,metadata checks pass,184138292736,184138292736,81966409414,81966409414,2,True,True,16fc41ad21ef7a86388ccb0a250204d7aa0990fb442b4a4cd53021278e83c35a,False,,,False
\\sahale.biostr.washington.edu\data\Subjects\ZYE_0045\2021-09-22\1\widefield.tar,\\sahale.biostr.washington.edu\data\Subjects\ZYE_0045\2021-09-22\1\widefield.wfz,ZYE_0045/2021-09-22/1,SAFE,metadata checks pass,184080072192,184080072192,80691064604,80691064604,2,True,True,13e9901df706b432f32902cee669b2f13f479a8e60baa6314e569757ce79082e,False,,,False
\\sahale.biostr.washington.edu\data\Subjects\AL_0033\2024-07-09\1\widefield.tar,\\sahale.biostr.washington.edu\data\Subjects\AL_0033\2024-07-09\1\widefield.wfz,AL_0033/2024-07-09/1,SAFE,metadata checks pass,183598487040,183598487040,75977832896,75977832896,2,True,True,93550c5e29b21c093d8db6dd479010a3db4e39aa21123f9cae88dadcc0c705fa,False,,,False
\\sahale.biostr.washington.edu\data\Subjects\AL_0038\2025-02-18\1\widefield.tar,\\sahale.biostr.washington.edu\data\Subjects\AL_0038\2025-02-18\1\widefield.wfz,AL_0038/2025-02-18/1,SAFE,metadata checks pass,183488374272,183488374272,69272315337,69272315337,2,True,True,b6fbc1e2e04656c0b946ce85ec3c27986973cdd1e595180812b708ad6e15fc86,False,,,False
\\sahale.biostr.washington.edu\data\Subjects\AB_0032\2024-04-15\1\widefield.tar,\\sahale.biostr.washington.edu\data\Subjects\AB_0032\2024-04-15\1\widefield.wfz,AB_0032/2024-04-15/1,SAFE,metadata checks pass,183547860480,183547860480,72994129787,72994129787,2,True,True,2225b79b2f7c3375952d43e9f80140016d1312a1d19cc8810f202c8e47a00f1f,False,,,False
\\sahale.biostr.washington.edu\data\Subjects\ZYE_0098\2025-07-26\1\widefield.tar,\\sahale.biostr.washington.edu\data\Subjects\ZYE_0098\2025-07-26\1\widefield.wfz,ZYE_0098/2025-07-26/1,SAFE,metadata checks pass,182918825472,182918825472,67212590763,67212590763,2,True,True,049c99dd3dc3e71c6f1e08a8c0ae6e52bc99df88865fa42ef616f525d4110875,False,,,False
\\sahale.biostr.washington.edu\data\Subjects\AL_0039\2025-07-05\2\widefield.tar,\\sahale.biostr.washington.edu\data\Subjects\AL_0039\2025-07-05\2\widefield.wfz,AL_0039/2025-07-05/2,SAFE,metadata checks pass,182746695168,182746695168,71769598696,71769598696,2,True,True,6d46610a6afc536cc2059be899b893b3c18c02728ac2cf06f6e48f3ae9497388,False,,,False
\\sahale.biostr.washington.edu\data\Subjects\AB_0004\2021-03-30\1\widefield.tar,\\sahale.biostr.washington.edu\data\Subjects\AB_0004\2021-03-30\1\widefield.wfz,AB_0004/2021-03-30/1,SAFE,metadata checks pass,182436115968,182436115968,85185484475,85185484475,2,True,True,a791b71bc604fef7d711d7c1bf1170ab4a83f0332c5bf942bd09bbb2f40a5aa4,False,,,False
\\sahale.biostr.washington.edu\data\Subjects\AL_0035\2025-04-25\1\widefield.tar,\\sahale.biostr.washington.edu\data\Subjects\AL_0035\2025-04-25\1\widefield.wfz,AL_0035/2025-04-25/1,SAFE,metadata checks pass,181512672768,181512672768,74055122711,74055122711,2,True,True,b9309d306452c2b690eae07f1766b5a6f5f487bf5b845af24b4731f8bda6cdd3,False,,,False
\\sahale.biostr.washington.edu\data\Subjects\AL_0035\2025-04-25\2\widefield.tar,\\sahale.biostr.washington.edu\data\Subjects\AL_0035\2025-04-25\2\widefield.wfz,AL_0035/2025-04-25/2,SAFE,metadata checks pass,181512672768,181512672768,74055122711,74055122711,2,True,True,b9309d306452c2b690eae07f1766b5a6f5f487bf5b845af24b4731f8bda6cdd3,False,,,False
\\sahale.biostr.washington.edu\data\Subjects\AL_0033\2025-06-24\1\widefield.tar,\\sahale.biostr.washington.edu\data\Subjects\AL_0033\2025-06-24\1\widefield.wfz,AL_0033/2025-06-24/1,SAFE,metadata checks pass,180910849536,180910849536,70830783483,70830783483,2,True,True,0da42e464ad89e0c9140804a681c244905a48b522a5fbaeb0575a7179cd92b8a,False,,,False
\\sahale.biostr.washington.edu\data\Subjects\AB_0032\2024-06-21\1\widefield.tar,\\sahale.biostr.washington.edu\data\Subjects\AB_0032\2024-06-21\1\widefield.wfz,AB_0032/2024-06-21/1,SAFE,metadata checks pass,180702647808,180702647808,77986009498,77986009498,2,True,True,2cd9ddb2751e6c75cbdfacda5d3a0793f9a8deb17f57e34924fba75cedc125ca,False,,,False
\\sahale.biostr.washington.edu\data\Subjects\ZYE_0062\2022-03-29\1\widefield.tar,\\sahale.biostr.washington.edu\data\Subjects\ZYE_0062\2022-03-29\1\widefield.wfz,ZYE_0062/2022-03-29/1,SAFE,metadata checks pass,180225492480,180225492480,79653686578,79653686578,2,True,True,dd579bde3d548310998ea7eff6ca311bcd11d460f9b35e8bb3f66650358799bf,False,,,False
\\sahale.biostr.washington.edu\data\Subjects\AL_0035\2024-08-14\1\widefield.tar,\\sahale.biostr.washington.edu\data\Subjects\AL_0035\2024-08-14\1\widefield.wfz,AL_0035/2024-08-14/1,SAFE,metadata checks pass,179614176768,179614176768,75687580453,75687580453,2,True,True,5836b3bdcec19a0e66f9c03cf9c1087ea284dba8472b1afd5d5fa111e19250d4,False,,,False
\\sahale.biostr.washington.edu\data\Subjects\ZYE_0091\2024-07-11\1\widefield.tar,\\sahale.biostr.washington.edu\data\Subjects\ZYE_0091\2024-07-11\1\widefield.wfz,ZYE_0091/2024-07-11/1,SAFE,metadata checks pass,179339527680,179339527680,72377416755,72377416755,2,True,True,08c27eefbff37456b9f18349ae1727f9aa77e20820bfab9473b4ceda10f9f286,False,,,False
\\sahale.biostr.washington.edu\data\Subjects\AL_0039\2025-07-02\1\widefield.tar,\\sahale.biostr.washington.edu\data\Subjects\AL_0039\2025-07-02\1\widefield.wfz,AL_0039/2025-07-02/1,SAFE,metadata checks pass,178862372352,178862372352,70472290794,70472290794,2,True,True,1d4f9d182b7051d69d3b99b1b633d9e9eea19dc968335889a055a237deb6ecab,False,,,False
\\sahale.biostr.washington.edu\data\Subjects\FD_004\2025-11-14\4\widefield.tar,\\sahale.biostr.washington.edu\data\Subjects\FD_004\2025-11-14\4\widefield.wfz,FD_004/2025-11-14/4,SAFE,metadata checks pass,115457669120,115457669120,42165363056,42165363056,2,True,True,c45a361c5f1b0d03eee0caf12759d8244e5fb783b70f0be43da052a422e98702,False,,,False
\\sahale.biostr.washington.edu\data\Subjects\ZYE_0049\2021-12-02\1\widefield.tar,\\sahale.biostr.washington.edu\data\Subjects\ZYE_0049\2021-12-02\1\widefield.wfz,ZYE_0049/2021-12-02/1,SAFE,metadata checks pass,178629490176,178629490176,79520568350,79520568350,2,True,True,64a5d6e73cd168ab95ea45deec2bb38790a438ae6a6f3337b06aa92f041d3565,False,,,False
\\sahale.biostr.washington.edu\data\Subjects\ZYE_0090\2024-08-12\1\widefield.tar,\\sahale.biostr.washington.edu\data\Subjects\ZYE_0090\2024-08-12\1\widefield.wfz,ZYE_0090/2024-08-12/1,SAFE,metadata checks pass,178513681920,178513681920,72312861447,72312861447,2,True,True,56d66c596fa35e72c3702596750e4a82e18f252dfad4d9cc6c83d7eb9fec28b4,False,,,False
\\sahale.biostr.washington.edu\data\Subjects\AL_0034\2024-09-19\2\widefield.tar,\\sahale.biostr.washington.edu\data\Subjects\AL_0034\2024-09-19\2\widefield.wfz,AL_0034/2024-09-19/2,SAFE,metadata checks pass,177902366208,177902366208,75069958172,75069958172,2,True,True,e3d71feb0defe3ed7236061e60e7d53947332383813df59be87a101f78b4f207,False,,,False
\\sahale.biostr.washington.edu\data\Subjects\AL_0033\2025-03-05\1\widefield.tar,\\sahale.biostr.washington.edu\data\Subjects\AL_0033\2025-03-05\1\widefield.wfz,AL_0033/2025-03-05/1,SAFE,metadata checks pass,176954525184,176954525184,74619219130,74619219130,2,True,True,f52a09a9f5e401f4e0b6453329a4c24015c30ef1cc05e76ed50280bddc8aff77,False,,,False
\\sahale.biostr.washington.edu\data\Subjects\AL_0033\2024-08-30\2\widefield.tar,\\sahale.biostr.washington.edu\data\Subjects\AL_0033\2024-08-30\2\widefield.wfz,AL_0033/2024-08-30/2,SAFE,metadata checks pass,177894139392,177894139392,72453869885,72453869885,2,True,True,c4203b567d3f516ed9e6287629a765f75687649ecd08d9f74abc4c790f56e691,False,,,False
\\sahale.biostr.washington.edu\data\Subjects\ZYE_0085\2024-07-11\1\widefield.tar,\\sahale.biostr.washington.edu\data\Subjects\ZYE_0085\2024-07-11\1\widefield.wfz,ZYE_0085/2024-07-11/1,SAFE,metadata checks pass,176584809984,176584809984,73161418469,73161418469,2,True,True,3f25b93a8ef328e1a202a1df2b1cd947df375dc72052d16ac58c6026ef07cd8f,False,,,False
\\sahale.biostr.washington.edu\data\Subjects\AL_0039\2025-06-27\1\widefield.tar,\\sahale.biostr.washington.edu\data\Subjects\AL_0039\2025-06-27\1\widefield.wfz,AL_0039/2025-06-27/1,SAFE,metadata checks pass,176272823808,176272823808,68429933719,68429933719,2,True,True,38a85e3b2d962bd2158c73ce16a2e773497af66fee90b5a9ad3271bfcf6ff336,False,,,False
\\sahale.biostr.washington.edu\data\Subjects\AL_0036\2024-12-19\1\widefield.tar,\\sahale.biostr.washington.edu\data\Subjects\AL_0036\2024-12-19\1\widefield.wfz,AL_0036/2024-12-19/1,SAFE,metadata checks pass,175982353920,175982353920,77009653161,77009653161,2,True,True,71cd7d74fb469815a47a39cefd2f2d6a24fd23cb237755a1ed4b5726b6b5a49e,False,,,False
\\sahale.biostr.washington.edu\data\Subjects\AL_0033\2024-07-26\1\widefield.tar,\\sahale.biostr.washington.edu\data\Subjects\AL_0033\2024-07-26\1\widefield.wfz,AL_0033/2024-07-26/1,SAFE,metadata checks pass,175910843904,175910843904,71877214874,71877214874,2,True,True,ada72602b01eb48842bf925865e80091a22e7337454d4f146c87399e4c06362a,False,,,False
\\sahale.biostr.washington.edu\data\Subjects\AL_0034\2024-08-20\1\widefield.tar,\\sahale.biostr.washington.edu\data\Subjects\AL_0034\2024-08-20\1\widefield.wfz,AL_0034/2024-08-20/1,SAFE,metadata checks pass,175636827648,175636827648,76461902411,76461902411,2,True,True,54fad66720de6320bcb170415f354ef5121252ecf6e1d8c7b85270758ad07b81,False,,,False
\\sahale.biostr.washington.edu\data\Subjects\ZYE_0089\2024-07-09\1\widefield.tar,\\sahale.biostr.washington.edu\data\Subjects\ZYE_0089\2024-07-09\1\widefield.wfz,ZYE_0089/2024-07-09/1,SAFE,metadata checks pass,175616577024,175616577024,70658157871,70658157871,2,True,True,0077ed6f60d3815648322ee02b2515016fc0a34b481d0ea596e58e5553c1ce7e,False,,,False
\\sahale.biostr.washington.edu\data\Subjects\ZYE_0085\2024-07-10\1\widefield.tar,\\sahale.biostr.washington.edu\data\Subjects\ZYE_0085\2024-07-10\1\widefield.wfz,ZYE_0085/2024-07-10/1,SAFE,metadata checks pass,175612780032,175612780032,72064338440,72064338440,2,True,True,71e2ad02ade32370897ba5f7bb73949952946b2102573bca0493e2677428d0d9,False,,,False
\\sahale.biostr.washington.edu\data\Subjects\ZYE_0041\2021-09-03\2\widefield.tar,\\sahale.biostr.washington.edu\data\Subjects\ZYE_0041\2021-09-03\2\widefield.wfz,ZYE_0041/2021-09-03/2,SAFE,metadata checks pass,175507729920,175507729920,74726288387,74726288387,2,True,True,31dee515e04633e023485ffadcaad29dcb2583b80b3ffc612b2af4a08c1984b8,False,,,False
\\sahale.biostr.washington.edu\data\Subjects\ZYE_0088\2024-07-11\1\widefield.tar,\\sahale.biostr.washington.edu\data\Subjects\ZYE_0088\2024-07-11\1\widefield.wfz,ZYE_0088/2024-07-11/1,SAFE,metadata checks pass,175388124672,175388124672,73937138593,73937138593,2,True,True,5054f95ef5b7347e5894d3819136d43a41f217e9d191caddf0fae47d250c7c6d,False,,,False
\\sahale.biostr.washington.edu\data\Subjects\ZYE_0085\2024-07-16\1\widefield.tar,\\sahale.biostr.washington.edu\data\Subjects\ZYE_0085\2024-07-16\1\widefield.wfz,ZYE_0085/2024-07-16/1,SAFE,metadata checks pass,175245737472,175245737472,72066814067,72066814067,2,True,True,20378c68cf44596cec80d91f32a8c86e3d73c0f2a97a0ae9c2f430e9c810ad55,False,,,False
\\sahale.biostr.washington.edu\data\Subjects\ZYE_0046\2021-11-22\1\widefield.tar,\\sahale.biostr.washington.edu\data\Subjects\ZYE_0046\2021-11-22\1\widefield.wfz,ZYE_0046/2021-11-22/1,SAFE,metadata checks pass,174909070848,174909070848,77009828725,77009828725,2,True,True,051507d071310ea9aa43adccc3f39b8279950e972d01cfc8b8421ba07db03415,False,,,False
\\sahale.biostr.washington.edu\data\Subjects\ZYE_0062\2022-03-30\1\widefield.tar,\\sahale.biostr.washington.edu\data\Subjects\ZYE_0062\2022-03-30\1\widefield.wfz,ZYE_0062/2022-03-30/1,SAFE,metadata checks pass,174905273856,174905273856,77671332655,77671332655,2,True,True,9656509bb45f5c9fdba2865fd866e0e740b8ce3b91f90a710205797e1bb787db,False,,,False
\\sahale.biostr.washington.edu\data\Subjects\AL_0033\2025-08-05\4\widefield.tar,\\sahale.biostr.washington.edu\data\Subjects\AL_0033\2025-08-05\4\widefield.wfz,AL_0033/2025-08-05/4,SAFE,metadata checks pass,174406602240,174406602240,66762322481,66762322481,2,True,True,c66ae188b5adad75511720fc737daa49511aa72f699b61e18e6b7b9a04f74abd,False,,,False
\\sahale.biostr.washington.edu\data\Subjects\AL_0036\2025-01-16\2\widefield.tar,\\sahale.biostr.washington.edu\data\Subjects\AL_0036\2025-01-16\2\widefield.wfz,AL_0036/2025-01-16/2,SAFE,metadata checks pass,174053481984,174053481984,72597134441,72597134441,2,True,True,a5d205af32c1624323b6074dd78fc5253e0400587d05e26990a325b9d63f9ec6,False,,,False
\\sahale.biostr.washington.edu\data\Subjects\AL_0033\2025-04-15\1\widefield.tar,\\sahale.biostr.washington.edu\data\Subjects\AL_0033\2025-04-15\1\widefield.wfz,AL_0033/2025-04-15/1,SAFE,metadata checks pass,172763292160,172763292160,69461410139,69461410139,2,True,True,1334e3c237f3d3129367757a9d8ce04fdf91f27993b04d86e6ea80c464985ca5,False,,,False
\\sahale.biostr.washington.edu\data\Subjects\AL_0033\2025-02-26\2\widefield.tar,\\sahale.biostr.washington.edu\data\Subjects\AL_0033\2025-02-26\2\widefield.wfz,AL_0033/2025-02-26/2,SAFE,metadata checks pass,173607564800,173607564800,69602838388,69602838388,2,True,True,8c0df206be8c5fa7ccfd2edee49aadb87a4a9f83e4e629a343c04b90e25dc129,False,,,False
\\sahale.biostr.washington.edu\data\Subjects\AB_0005\2021-03-30\1\widefield.tar,\\sahale.biostr.washington.edu\data\Subjects\AB_0005\2021-03-30\1\widefield.wfz,AB_0005/2021-03-30/1,SAFE,metadata checks pass,172251364864,172251364864,77263434270,77263434270,2,True,True,143018d098bd35b88c0bf12c716752a93dd409ec530406e2d5bdb2e9dbe0eadb,False,,,False
\\sahale.biostr.washington.edu\data\Subjects\AL_0033\2024-06-21\2\widefield.tar,\\sahale.biostr.washington.edu\data\Subjects\AL_0033\2024-06-21\2\widefield.wfz,AL_0033/2024-06-21/2,SAFE,metadata checks pass,172054998528,172054998528,70940782071,70940782071,2,True,True,e0144549c346bf83b91c4ea5e3a9bfe1fe5e89560d8bcb09a7e77fa59856299a,False,,,False
\\sahale.biostr.washington.edu\data\Subjects\ZYE_0067\2022-10-23\2\widefield.tar,\\sahale.biostr.washington.edu\data\Subjects\ZYE_0067\2022-10-23\2\widefield.wfz,ZYE_0067/2022-10-23/2,SAFE,metadata checks pass,171853757952,171853757952,80222738252,80222738252,2,True,True,c2e3ce03ae80476d69b018de00fbe46774355a14e027ef7f4d7c9f559d5316f7,False,,,False
\\sahale.biostr.washington.edu\data\Subjects\AL_0032\2024-04-19\2\widefield.tar,\\sahale.biostr.washington.edu\data\Subjects\AL_0032\2024-04-19\2\widefield.wfz,AL_0032/2024-04-19/2,SAFE,metadata checks pass,171086765568,171086765568,69248939984,69248939984,2,True,True,621e011f5dd2d270576b649b0ef5bc99373a30ea6556f8e44d22c487dcce6a17,False,,,False
\\sahale.biostr.washington.edu\data\Subjects\ZYE_0085\2024-07-23\1\widefield.tar,\\sahale.biostr.washington.edu\data\Subjects\ZYE_0085\2024-07-23\1\widefield.wfz,ZYE_0085/2024-07-23/1,SAFE,metadata checks pass,170666565120,170666565120,70615861708,70615861708,2,True,True,8c01e724ca81c56909796c77dcac9fbc1f15514f25d0eed24063038581dd850f,False,,,False
\\sahale.biostr.washington.edu\data\Subjects\ZYE_0055\2022-01-10\1\widefield.tar,\\sahale.biostr.washington.edu\data\Subjects\ZYE_0055\2022-01-10\1\widefield.wfz,ZYE_0055/2022-01-10/1,SAFE,metadata checks pass,170370399744,170370399744,78429963118,78429963118,2,True,True,56711b531c2a5de2eed97d404807db7d34ad77ff85cd693d433d9b1cc07afcd5,False,,,False
\\sahale.biostr.washington.edu\data\Subjects\ZYE_0091\2024-07-16\1\widefield.tar,\\sahale.biostr.washington.edu\data\Subjects\ZYE_0091\2024-07-16\1\widefield.wfz,ZYE_0091/2024-07-16/1,SAFE,metadata checks pass,169788194304,169788194304,68954230814,68954230814,2,True,True,a5c88943fd1bd69da2e6ff2071323a7d680150a4321c6cd17990989c8c9a9036,False,,,False
\\sahale.biostr.washington.edu\data\Subjects\AL_0035\2025-01-25\1\widefield.tar,\\sahale.biostr.washington.edu\data\Subjects\AL_0035\2025-01-25\1\widefield.wfz,AL_0035/2025-01-25/1,SAFE,metadata checks pass,169686941184,169686941184,74476795122,74476795122,2,True,True,57c393239e2770c60638415d1a58a33718f4f98f634e06eab8c7d0dde3b153ea,False,,,False
\\sahale.biostr.washington.edu\data\Subjects\ZYE_0070\2023-01-16\1\widefield.tar,\\sahale.biostr.washington.edu\data\Subjects\ZYE_0070\2023-01-16\1\widefield.wfz,ZYE_0070/2023-01-16/1,SAFE,metadata checks pass,169521139200,169521139200,74396371953,74396371953,2,True,True,2c7e963ef40f492e5579ac86df6e31a574463d7eee21d6849fd07d4f5c3f0423,False,,,False
\\sahale.biostr.washington.edu\data\Subjects\ZYE_0043\2021-09-25\1\widefield.tar,\\sahale.biostr.washington.edu\data\Subjects\ZYE_0043\2021-09-25\1\widefield.wfz,ZYE_0043/2021-09-25/1,SAFE,metadata checks pass,168676308480,168676308480,74829612861,74829612861,2,True,True,ccef2c63bc21e1dc03f831ec93a4bd2c10646c385d81d3210fa4501377a63732,False,,,False
\\sahale.biostr.washington.edu\data\Subjects\ZYE_0071\2023-01-17\3\widefield.tar,\\sahale.biostr.washington.edu\data\Subjects\ZYE_0071\2023-01-17\3\widefield.wfz,ZYE_0071/2023-01-17/3,SAFE,metadata checks pass,168306734592,168306734592,72915105556,72915105556,2,True,True,cf18386c0fd54155fedf48be330a230396f7de8132167d3b414348963699f602,False,,,False
\\sahale.biostr.washington.edu\data\Subjects\ZYE_0066\2022-10-23\6\widefield.tar,\\sahale.biostr.washington.edu\data\Subjects\ZYE_0066\2022-10-23\6\widefield.wfz,ZYE_0066/2022-10-23/6,SAFE,metadata checks pass,167863119360,167863119360,74457947832,74457947832,2,True,True,595c36b160b4d4962847eaf1d5b2b40f3f7f96ddab27d523556d85b795aa7e45,False,,,False
\\sahale.biostr.washington.edu\data\Subjects\ZYE_0091\2024-07-17\2\widefield.tar,\\sahale.biostr.washington.edu\data\Subjects\ZYE_0091\2024-07-17\2\widefield.wfz,ZYE_0091/2024-07-17/2,SAFE,metadata checks pass,166309516800,166309516800,67859167746,67859167746,2,True,True,8423eebd177dcc8a92a20450c7ffe2d2c5b67629703fed137964b146737f3846,False,,,False
\\sahale.biostr.washington.edu\data\Subjects\AL_0033\2025-03-28\3\widefield.tar,\\sahale.biostr.washington.edu\data\Subjects\AL_0033\2025-03-28\3\widefield.wfz,AL_0033/2025-03-28/3,SAFE,metadata checks pass,166012085760,166012085760,65635193902,65635193902,2,True,True,54112f42c36eaa30ef65048029573e01ba313f1a43dcbe7d8c40da4f07d11e82,False,,,False
\\sahale.biostr.washington.edu\data\Subjects\AL_0033\2025-08-04\1\widefield.tar,\\sahale.biostr.washington.edu\data\Subjects\AL_0033\2025-08-04\1\widefield.wfz,AL_0033/2025-08-04/1,SAFE,metadata checks pass,164997656064,164997656064,64191425947,64191425947,2,True,True,05c6fa2a5951c1d73c4c13bcf9ab8df047f6adbe09db9ee373673413ec030485,False,,,False
\\sahale.biostr.washington.edu\data\Subjects\ZYE_0072\2023-01-22\1\widefield.tar,\\sahale.biostr.washington.edu\data\Subjects\ZYE_0072\2023-01-22\1\widefield.wfz,ZYE_0072/2023-01-22/1,SAFE,metadata checks pass,164876785152,164876785152,66466635583,66466635583,2,True,True,926a9cf4c9ec961231eb69c5276d539c4cf1fc43f156edc5de692ace0e0186ba,False,,,False
\\sahale.biostr.washington.edu\data\Subjects\FD_012\2026-04-23\1\widefield.tar,\\sahale.biostr.washington.edu\data\Subjects\FD_012\2026-04-23\1\widefield.wfz,FD_012/2026-04-23/1,SAFE,metadata checks pass,122809282560,122809282560,42991937505,42991937505,2,True,True,9273b13539958a42a69ddd943b87a789c76134ca3b8f93836b50944156654cf0,False,,,False
\\sahale.biostr.washington.edu\data\Subjects\FD_012\2026-04-21\1\widefield.tar,\\sahale.biostr.washington.edu\data\Subjects\FD_012\2026-04-21\1\widefield.wfz,FD_012/2026-04-21/1,SAFE,metadata checks pass,124923576320,124923576320,43757735598,43757735598,2,True,True,10f8c4c9513ad09552edd8025a45bc135cdd64c97b3139c6d8ddc6228d89b738,False,,,False
\\sahale.biostr.washington.edu\data\Subjects\FD_011\2026-03-03\1\widefield.tar,\\sahale.biostr.washington.edu\data\Subjects\FD_011\2026-03-03\1\widefield.wfz,FD_011/2026-03-03/1,SAFE,metadata checks pass,144416061440,144416061440,44586924187,44586924187,2,True,True,3f6808d5849ad5238e0bfaeba2598b0abb47b91586308ed2ec22d8dfbaa8815f,False,,,False
\\sahale.biostr.washington.edu\data\Subjects\FD_011\2026-04-13\1\widefield.tar,\\sahale.biostr.washington.edu\data\Subjects\FD_011\2026-04-13\1\widefield.wfz,FD_011/2026-04-13/1,SAFE,metadata checks pass,124084439040,124084439040,39881150064,39881150064,2,True,True,9cf6fca7b334992a046eb906db351d27352efb89254c4df810943698ad2bd1ec,False,,,False
\\sahale.biostr.washington.edu\data\Subjects\FD_011\2026-03-02\2\widefield.tar,\\sahale.biostr.washington.edu\data\Subjects\FD_011\2026-03-02\2\widefield.wfz,FD_011/2026-03-02/2,SAFE,metadata checks pass,143778170880,143778170880,49238370184,49238370184,2,True,True,51c16390f4d566f01b42c1ed066f7f9fdb62a80631f9ce56aa757134207f42c1,False,,,False
\\sahale.biostr.washington.edu\data\Subjects\FD_011\2026-02-25\1\widefield.tar,\\sahale.biostr.washington.edu\data\Subjects\FD_011\2026-02-25\1\widefield.wfz,FD_011/2026-02-25/1,SAFE,metadata checks pass,154289510400,154289510400,51404634215,51404634215,2,True,True,8326ad451f7dd9539be8d4b8f5bd4868ba8d0061d11868b510ceff855c88eadc,False,,,False
\\sahale.biostr.washington.edu\data\Subjects\FD_011\2026-02-28\1\widefield.tar,\\sahale.biostr.washington.edu\data\Subjects\FD_011\2026-02-28\1\widefield.wfz,FD_011/2026-02-28/1,SAFE,metadata checks pass,151387340800,151387340800,53028007662,53028007662,2,True,True,7185ea445f558c11e26bfefa382912a7f1591ca99feaae7c1cf3061c636d5e91,False,,,False
\\sahale.biostr.washington.edu\data\Subjects\AL_0038\2025-05-02\1\widefield.tar,\\sahale.biostr.washington.edu\data\Subjects\AL_0038\2025-05-02\1\widefield.wfz,AL_0038/2025-05-02/1,SAFE,metadata checks pass,150371010560,150371010560,56232822204,56232822204,2,True,True,07965ef1545dddaab5f9a6a112ecf2c69d70213c4161811f00bbf3f0319dde47,False,,,False
\\sahale.biostr.washington.edu\data\Subjects\FD_011\2026-04-06\1\widefield.tar,\\sahale.biostr.washington.edu\data\Subjects\FD_011\2026-04-06\1\widefield.wfz,FD_011/2026-04-06/1,SAFE,metadata checks pass,121137336320,121137336320,39814009609,39814009609,2,True,True,972460bad3a275e686ebdbe1c384197b5b7ff70bbcd64d87ed173fa07d34bb64,False,,,False
\\sahale.biostr.washington.edu\data\Subjects\ZYE_0053\2021-12-19\2\widefield.tar,\\sahale.biostr.washington.edu\data\Subjects\ZYE_0053\2021-12-19\2\widefield.wfz,ZYE_0053/2021-12-19/2,SAFE,metadata checks pass,164673013248,164673013248,75632310897,75632310897,2,True,True,1971106e42113ec82aefe2542582b1879ce33a321332395b57ea4489345b2bda,False,,,False
\\sahale.biostr.washington.edu\data\Subjects\AL_0041\2026-04-16\1\widefield.tar,\\sahale.biostr.washington.edu\data\Subjects\AL_0041\2026-04-16\1\widefield.wfz,AL_0041/2026-04-16/1,SAFE,metadata checks pass,164328752640,164328752640,61672924287,61672924287,2,True,True,9f3a464e5795bacc26acbed303a7abfef83e34f58a296547b7ecf17da05f7576,False,,,False
\\sahale.biostr.washington.edu\data\Subjects\AL_0032\2024-04-27\1\widefield.tar,\\sahale.biostr.washington.edu\data\Subjects\AL_0032\2024-04-27\1\widefield.wfz,AL_0032/2024-04-27/1,SAFE,metadata checks pass,164628082176,164628082176,67403461757,67403461757,2,True,True,ebfdcc91db09006c809189caea6abb92f83f50aba990a694a1f71b504567eebe,False,,,False
\\sahale.biostr.washington.edu\data\Subjects\ZYE_0078\2024-07-23\1\widefield.tar,\\sahale.biostr.washington.edu\data\Subjects\ZYE_0078\2024-07-23\1\widefield.wfz,ZYE_0078/2024-07-23/1,SAFE,metadata checks pass,164403426816,164403426816,64670861250,64670861250,2,True,True,dd615ca5199361882020fec9d81df9788ab4870e4fadbfef6af03c550b89274a,False,,,False
\\sahale.biostr.washington.edu\data\Subjects\ZYE_0094\2025-07-18\1\widefield.tar,\\sahale.biostr.washington.edu\data\Subjects\ZYE_0094\2025-07-18\1\widefield.wfz,ZYE_0094/2025-07-18/1,SAFE,metadata checks pass,163887035904,163887035904,60079077564,60079077564,2,True,True,99a5c6167f40eae8006b19d393a9716db5b84e75f7376b33cc12cf5352160323,False,,,False
\\sahale.biostr.washington.edu\data\Subjects\ZYE_0091\2024-07-15\1\widefield.tar,\\sahale.biostr.washington.edu\data\Subjects\ZYE_0091\2024-07-15\1\widefield.wfz,ZYE_0091/2024-07-15/1,SAFE,metadata checks pass,164152825344,164152825344,66864336914,66864336914,2,True,True,8727bb6c4d3d60c90482f57edb5dbf78782bfe9c47eabd6f8658df4b4c2b649c,False,,,False
\\sahale.biostr.washington.edu\data\Subjects\ZYE_0091\2024-07-14\3\widefield.tar,\\sahale.biostr.washington.edu\data\Subjects\ZYE_0091\2024-07-14\3\widefield.wfz,ZYE_0091/2024-07-14/3,SAFE,metadata checks pass,163667443200,163667443200,66981034703,66981034703,2,True,True,4a167bac5edeee9627534a10c367d4af5febfb6813500e9400a891f524d830de,False,,,False
\\sahale.biostr.washington.edu\data\Subjects\AL_0033\2025-01-28\1\widefield.tar,\\sahale.biostr.washington.edu\data\Subjects\AL_0033\2025-01-28\1\widefield.wfz,AL_0033/2025-01-28/1,SAFE,metadata checks pass,163194084864,163194084864,67466248948,67466248948,2,True,True,45cd9ecbfa0eccaaa049b6ea82d6647584e6b94f56b9466f4bdee2080985ca87,False,,,False
