path,bytes,uniform,n_members,break_at_member,first_other,error
\\sahale.biostr.washington.edu\data\Subjects\ZYE_0098\2025-12-17\2\widefield.tar,143120932864,False,226159,147816,"2/p0_g0/ (0 B) | 2/p0_g0/p0_g0_t0.imec0/ (0 B) | 2/p0_g0/p0_g0_t0.imec0/p0_g0_t0.imec0.ap.bin (49,578,215,610 B) | 2/p0_g0/p0_g0_t0.imec0/p0_g0_t0.imec0.ap.meta (18,300 B) | <not a tar header>",
\\sahale.biostr.washington.edu\data\Subjects\ZYE_0098\2025-12-18\1\widefield.tar,155986506240,False,246489,159693,"1/p0.missed_samples.imec0.txt (3,920 B) | 1/p0_g0/ (0 B) | 1/p0_g0/p0_g0_t0.imec0/ (0 B) | 1/p0_g0/p0_g0_t0.imec0/p0_g0_t0.imec0.ap.bin (54,927,638,920 B) | 1/p0_g0/p0_g0_t0.imec0/p0_g0_t0.imec0.ap.meta (18,275 B)",
\\sahale.biostr.washington.edu\data\Subjects\AL_0039\2025-09-30\6\widefield.tar,28774017024,False,45468,29159,"6/p0.missed_samples.imec0.txt (2,467 B) | 6/p0_g0/ (0 B) | 6/p0_g0/p0_g0_t0.imec0/ (0 B) | 6/p0_g0/p0_g0_t0.imec0/p0_g0_t0.imec0.ap.bin (10,321,243,240 B) | 6/p0_g0/p0_g0_t0.imec0/p0_g0_t0.imec0.ap.meta (18,301 B)",
\\sahale.biostr.washington.edu\data\Subjects\AL_0023\2023-10-27\1\widefield.tar,136181646336,False,215193,138856,"1/p0_g0/ (0 B) | 1/p0_g0/p0_g0_imec0/ (0 B) | 1/p0_g0/p0_g0_imec0/p0_g0_t0.imec0.ap.bin (48,309,106,230 B) | 1/p0_g0/p0_g0_imec0/p0_g0_t0.imec0.ap.meta (15,634 B) | <not a tar header>",
\\sahale.biostr.washington.edu\data\Subjects\AL_0023\2023-10-27\4\widefield.tar,55812857856,False,88195,56406,"4/p0_g0/ (0 B) | 4/p0_g0/p0_g0_imec0/ (0 B) | 4/p0_g0/p0_g0_imec0/p0_g0_t0.imec0.ap.bin (20,117,316,450 B) | 4/p0_g0/p0_g0_imec0/p0_g0_t0.imec0.ap.meta (15,633 B) | <not a tar header>",
\\sahale.biostr.washington.edu\data\Subjects\FD_004\2025-10-22\1\widefield.tar,134552770048,False,212620,136604,"1/p0_g0/ (0 B) | 1/p0_g0/p0_g0_imec0/ (0 B) | 1/p0_g0/p0_g0_imec0/p0_g0_t0.imec0.ap.bin (48,105,365,000 B) | 1/p0_g0/p0_g0_imec0/p0_g0_t0.imec0.ap.meta (18,310 B) | <not a tar header>",
\\sahale.biostr.washington.edu\data\Subjects\FD_004\2025-11-14\4\widefield.tar,177977549824,False,281239,182446,"4/p0_g0/ (0 B) | 4/p0_g0/p0_g0_imec0/ (0 B) | 4/p0_g0/p0_g0_imec0/p0_g0_t0.imec0.ap.bin (62,519,860,480 B) | 4/p0_g0/p0_g0_imec0/p0_g0_t0.imec0.ap.meta (18,300 B) | <not a tar header>",
\\sahale.biostr.washington.edu\data\Subjects\FD_004\2025-11-17\1\widefield.tar,186255128064,False,294320,191233,"1/p0_g0/ (0 B) | 1/p0_g0/p0_g0_imec0/ (0 B) | 1/p0_g0/p0_g0_imec0/p0_g0_t0.imec0.ap.bin (65,236,743,880 B) | 1/p0_g0/p0_g0_imec0/p0_g0_t0.imec0.ap.meta (18,311 B) | <not a tar header>",
\\sahale.biostr.washington.edu\data\Subjects\AL_0030\2024-01-23\1\widefield.tar,136961096192,False,216425,107281,"1/p0_g0/ (0 B) | 1/p0_g0/p0_g0_imec0/ (0 B) | 1/p0_g0/p0_g0_imec0/p0_g0_t0.imec0.ap.bin (54,254,373,250 B) | 1/p0_g0/p0_g0_imec0/p0_g0_t0.imec0.ap.meta (17,186 B) | 1/p1_g0/ (0 B)",
\\sahale.biostr.washington.edu\data\Subjects\AL_0038\2025-05-02\1\widefield.tar,232521255424,False,367429,237616,"1/p0_g0/ (0 B) | 1/p0_g0/p0_g0_imec0/ (0 B) | 1/p0_g0/p0_g0_imec0/p0_g0_t0.imec0.ap.bin (82,150,227,390 B) | 1/p0_g0/p0_g0_imec0/p0_g0_t0.imec0.ap.meta (15,639 B) | <not a tar header>",
\\sahale.biostr.washington.edu\data\Subjects\FD_012\2026-04-21\1\widefield.tar,191350289408,False,302371,197404,"1/p0_g0/ (0 B) | 1/p0_g0/p0_g0_imec0/ (0 B) | 1/p0_g0/p0_g0_imec0/p0_g0_t0.imec0.ap.bin (66,426,698,800 B) | 1/p0_g0/p0_g0_imec0/p0_g0_t0.imec0.ap.meta (18,390 B) | <not a tar header>",
\\sahale.biostr.washington.edu\data\Subjects\FD_012\2026-04-23\1\widefield.tar,192299276288,False,303870,194063,"1/p0_g0/ (0 B) | 1/p0_g0/p0_g0_imec0/ (0 B) | 1/p0_g0/p0_g0_imec0/p0_g0_t0.imec0.ap.bin (69,489,977,480 B) | 1/p0_g0/p0_g0_imec0/p0_g0_t0.imec0.ap.meta (18,389 B) | <not a tar header>",
\\sahale.biostr.washington.edu\data\Subjects\FD_005\2026-02-06\1\widefield.tar,115559241216,False,182606,118124,"1/p0_g0/ (0 B) | 1/p0_g0/p0_g0_imec0/ (0 B) | 1/p0_g0/p0_g0_imec0/p0_g0_t0.imec0.ap.bin (40,806,571,960 B) | 1/p0_g0/p0_g0_imec0/p0_g0_t0.imec0.ap.meta (18,273 B) | <not a tar header>",
\\sahale.biostr.washington.edu\data\Subjects\FD_011\2026-02-25\1\widefield.tar,236548814336,False,373794,243808,"1/p0.missed_samples.imec0.txt (5,211 B) | 1/p0_g0/ (0 B) | 1/p0_g0/p0_g0_imec0/ (0 B) | 1/p0_g0/p0_g0_imec0/p0_g0_t0.imec0.ap.bin (82,259,281,720 B) | 1/p0_g0/p0_g0_imec0/p0_g0_t0.imec0.ap.meta (18,284 B)",
\\sahale.biostr.washington.edu\data\Subjects\FD_011\2026-02-28\1\widefield.tar,231219482112,False,365372,239222,"1/p0_g0/ (0 B) | 1/p0_g0/p0_g0_imec0/ (0 B) | 1/p0_g0/p0_g0_imec0/p0_g0_t0.imec0.ap.bin (79,832,123,140 B) | 1/p0_g0/p0_g0_imec0/p0_g0_t0.imec0.ap.meta (18,273 B) | <not a tar header>",
\\sahale.biostr.washington.edu\data\Subjects\FD_011\2026-03-02\2\widefield.tar,220096571392,False,347796,227198,"2/p0_g0/ (0 B) | 2/p0_g0/p0_g0_imec0/ (0 B) | 2/p0_g0/p0_g0_imec0/p0_g0_t0.imec0.ap.bin (76,318,384,450 B) | 2/p0_g0/p0_g0_imec0/p0_g0_t0.imec0.ap.meta (18,272 B) | <not a tar header>",
\\sahale.biostr.washington.edu\data\Subjects\FD_011\2026-03-03\1\widefield.tar,220903129088,False,349070,228206,"1/p0_g0/ (0 B) | 1/p0_g0/p0_g0_imec0/ (0 B) | 1/p0_g0/p0_g0_imec0/p0_g0_t0.imec0.ap.bin (76,487,047,560 B) | 1/p0_g0/p0_g0_imec0/p0_g0_t0.imec0.ap.meta (18,293 B) | <not a tar header>",
\\sahale.biostr.washington.edu\data\Subjects\FD_011\2026-04-06\1\widefield.tar,186102605312,False,294079,191421,"1/p0_g0/ (0 B) | 1/p0_g0/p0_g0/ (0 B) | 1/p0_g0/p0_g0/p0_g0_imec0/ (0 B) | 1/p0_g0/p0_g0/p0_g0_imec0/p0_g0_t0.imec0.ap.bin (64,965,248,040 B) | 1/p0_g0/p0_g0/p0_g0_imec0/p0_g0_t0.imec0.ap.meta (18,389 B)",
\\sahale.biostr.washington.edu\data\Subjects\FD_011\2026-04-09\2\widefield.tar,115775233536,False,182947,119419,"2/p0_g0/ (0 B) | 2/p0_g0/p0_g0_imec0/ (0 B) | 2/p0_g0/p0_g0_imec0/p0_g0_t0.imec0.ap.bin (40,203,046,730 B) | 2/p0_g0/p0_g0_imec0/p0_g0_t0.imec0.ap.meta (18,389 B) | <not a tar header>",
\\sahale.biostr.washington.edu\data\Subjects\FD_011\2026-04-13\1\widefield.tar,189805273600,False,299929,196078,"1/p0_g0/ (0 B) | 1/p0_g0/p0_g0_imec0/ (0 B) | 1/p0_g0/p0_g0_imec0/p0_g0_t0.imec0.ap.bin (65,720,818,240 B) | 1/p0_g0/p0_g0_imec0/p0_g0_t0.imec0.ap.meta (18,391 B) | <not a tar header>",
\\sahale.biostr.washington.edu\data\Subjects\AL_0041\2026-04-22\1\widefield.tar,75846100992,False,119851,29969,"1/p2.missed_samples.imec0.txt (46 B) | 1/p2_g0/ (0 B) | 1/p2_g0/p2_g0_imec0/ (0 B) | 1/p2_g0/p2_g0_imec0/p2_g0_t0.imec0.ap.bin (56,880,735,450 B) | 1/p2_g0/p2_g0_imec0/p2_g0_t0.imec0.ap.meta (18,384 B)",
