path,subject,date,exp,sorter_dir,size_bytes,n_files,newest_mtime_utc,oldest_mtime_utc,error,days_since_modified
Y:\Subjects\FD_011\2026-02-28\1\p0_g0_imec0\kilosort4\.phy,FD_011,2026-02-28,1,Y:\Subjects\FD_011\2026-02-28\1\p0_g0_imec0\kilosort4,2152072383,5801,2026-06-18T21:02:18+00:00,2026-03-09T14:08:18+00:00,,46
Y:\Subjects\FD_004\2025-10-22\1\p0_g0\ks4_rerun\.phy,FD_004,2025-10-22,1,Y:\Subjects\FD_004\2025-10-22\1\p0_g0\ks4_rerun,1654169837,6325,2026-05-13T23:04:48+00:00,2025-11-05T22:08:00+00:00,,82
Y:\Subjects\FD_004\2025-11-14\4\p0_g0_imec0\kilosort4\.phy,FD_004,2025-11-14,4,Y:\Subjects\FD_004\2025-11-14\4\p0_g0_imec0\kilosort4,1620476528,4587,2026-05-13T23:02:08+00:00,2025-11-18T02:31:36+00:00,,82
Y:\Subjects\ZYE_0017\2020-11-19\1\p1_g0\p1_g0_imec1\2\.phy,ZYE_0017,2020-11-19,1,Y:\Subjects\ZYE_0017\2020-11-19\1\p1_g0\p1_g0_imec1\2,1587561049,409,2021-01-26T23:43:19+00:00,2021-01-26T23:41:16+00:00,,2015
Y:\Subjects\JRS_0057\2026-06-04\1\kilosort4\whole_train_shank2_20m_40m_dredge_ks4\full_recording\shank_2\kilosort4\sorter_output\.phy,JRS_0057,2026-06-04,1,Y:\Subjects\JRS_0057\2026-06-04\1\kilosort4\whole_train_shank2_20m_40m_dredge_ks4\full_recording\shank_2\kilosort4\sorter_output,1288801959,2892,2026-07-22T19:37:20+00:00,2026-07-20T21:35:16+00:00,,12
Y:\Subjects\ZYE_0017\2020-11-19\1\p1_g0\p1_g0_imec1\1\.phy,ZYE_0017,2020-11-19,1,Y:\Subjects\ZYE_0017\2020-11-19\1\p1_g0\p1_g0_imec1\1,1228989629,496,2021-01-26T23:41:00+00:00,2021-01-26T23:36:45+00:00,,2015
Y:\Subjects\FD_004\2025-11-17\1\p0_g0_imec0\kilosort4\.phy,FD_004,2025-11-17,1,Y:\Subjects\FD_004\2025-11-17\1\p0_g0_imec0\kilosort4,1118425825,3160,2026-05-13T23:05:35+00:00,2026-01-12T18:25:34+00:00,,82
Y:\Subjects\JRS_0057\2026-06-04\1\kilosort4\whole_train_dredge_ks4_surface_masked\full_recording\shank_0\kilosort4\sorter_output\.phy,JRS_0057,2026-06-04,1,Y:\Subjects\JRS_0057\2026-06-04\1\kilosort4\whole_train_dredge_ks4_surface_masked\full_recording\shank_0\kilosort4\sorter_output,1070394045,1848,2026-07-29T22:42:15+00:00,2026-07-28T23:23:56+00:00,,5
Y:\Subjects\JRS_0057\2026-06-04\1\kilosort4\opto_cleaned_dredge_ks4_surface_masked\full_recording\shank_0\kilosort4\sorter_output\.phy,JRS_0057,2026-06-04,1,Y:\Subjects\JRS_0057\2026-06-04\1\kilosort4\opto_cleaned_dredge_ks4_surface_masked\full_recording\shank_0\kilosort4\sorter_output,1002666403,1438,2026-07-22T20:19:37+00:00,2026-07-15T16:26:20+00:00,,12
Y:\Subjects\SM_0010\2022-07-29\1\shank4\.phy,SM_0010,2022-07-29,1,Y:\Subjects\SM_0010\2022-07-29\1\shank4,972055989,4226,2026-03-24T23:20:56+00:00,2022-10-31T19:46:56+00:00,,132
Y:\Subjects\JRS_0001\2021-08-30\1\p0_g0\p0_g0_imec0\KS_shank0\.phy,JRS_0001,2021-08-30,1,Y:\Subjects\JRS_0001\2021-08-30\1\p0_g0\p0_g0_imec0\KS_shank0,598012009,6632,2026-05-13T23:31:50+00:00,2021-09-02T21:01:57+00:00,,82
Y:\Subjects\FD_011\2026-04-13\1\p0_g0_imec0\kilosort4\.phy,FD_011,2026-04-13,1,Y:\Subjects\FD_011\2026-04-13\1\p0_g0_imec0\kilosort4,595184457,2045,2026-05-11T15:48:06+00:00,2026-05-10T23:21:58+00:00,,85
Y:\Subjects\FD_011\2026-04-14\2\p0_g0_imec0\kilosort4\.phy,FD_011,2026-04-14,2,Y:\Subjects\FD_011\2026-04-14\2\p0_g0_imec0\kilosort4,579009497,1865,2026-05-10T23:15:29+00:00,2026-05-10T22:04:53+00:00,,85
Y:\Subjects\JRS_0057\2026-06-04\1\kilosort4\dredge_ks4_surface_masked\full_recording\shank_0\kilosort4_no_surface_channel_no_opto_art_remove\sorter_output\.phy,JRS_0057,2026-06-04,1,Y:\Subjects\JRS_0057\2026-06-04\1\kilosort4\dredge_ks4_surface_masked\full_recording\shank_0\kilosort4_no_surface_channel_no_opto_art_remove\sorter_output,568084453,1246,2026-07-10T19:18:53+00:00,2026-07-09T21:28:40+00:00,,24
Y:\Subjects\SM_0010\2022-07-29\1\shank1\.phy,SM_0010,2022-07-29,1,Y:\Subjects\SM_0010\2022-07-29\1\shank1,565285259,1843,2022-10-31T19:46:17+00:00,2022-08-01T19:48:53+00:00,,1372
Y:\Subjects\SM_0010\2022-07-29\1\shank3\.phy,SM_0010,2022-07-29,1,Y:\Subjects\SM_0010\2022-07-29\1\shank3,546586134,2481,2023-01-24T02:06:54+00:00,2023-01-24T01:19:59+00:00,,1288
Y:\Subjects\JRS_0004\2021-06-16\2\p1_g0\KS_postphy\KS_shank0\.phy,JRS_0004,2021-06-16,2,Y:\Subjects\JRS_0004\2021-06-16\2\p1_g0\KS_postphy\KS_shank0,506892361,5569,2026-03-24T22:40:06+00:00,2021-07-08T21:36:30+00:00,,132
Y:\Subjects\JRS_0057\2026-06-04\1\kilosort4\opto_cleaned_dredge_ks4_surface_masked\full_recording\shank_2\kilosort4\sorter_output\.phy,JRS_0057,2026-06-04,1,Y:\Subjects\JRS_0057\2026-06-04\1\kilosort4\opto_cleaned_dredge_ks4_surface_masked\full_recording\shank_2\kilosort4\sorter_output,492526524,1157,2026-07-22T20:03:31+00:00,2026-07-22T19:38:35+00:00,,12
Y:\Subjects\JRS_0057\2026-06-04\1\kilosort4\opto_cleaned_dredge_ks4_surface_masked\full_recording\shank_1\kilosort4\sorter_output\.phy,JRS_0057,2026-06-04,1,Y:\Subjects\JRS_0057\2026-06-04\1\kilosort4\opto_cleaned_dredge_ks4_surface_masked\full_recording\shank_1\kilosort4\sorter_output,481148836,821,2026-07-30T22:49:00+00:00,2026-07-15T16:37:26+00:00,,4
Y:\Subjects\JRS_0004\2021-06-16\2\p1_g0\KS_postphy\KS_shank2\.phy,JRS_0004,2021-06-16,2,Y:\Subjects\JRS_0004\2021-06-16\2\p1_g0\KS_postphy\KS_shank2,410659508,4261,2026-03-24T22:38:58+00:00,2021-06-29T19:48:37+00:00,,132
Y:\Subjects\FD_012\2026-04-23\1\p0_g0_imec0\kilosort4\.phy,FD_012,2026-04-23,1,Y:\Subjects\FD_012\2026-04-23\1\p0_g0_imec0\kilosort4,345880888,836,2026-05-01T20:37:09+00:00,2026-04-28T19:46:34+00:00,,94
Y:\Subjects\FD_013\2026-07-16\1\p0_g0_imec0\kilosort4\.phy,FD_013,2026-07-16,1,Y:\Subjects\FD_013\2026-07-16\1\p0_g0_imec0\kilosort4,335128369,800,2026-07-20T23:13:53+00:00,2026-07-17T22:01:35+00:00,,14
Y:\Subjects\JRS_0004\2021-06-16\2\p1_g0\KS_postphy\KS_shank1\.phy,JRS_0004,2021-06-16,2,Y:\Subjects\JRS_0004\2021-06-16\2\p1_g0\KS_postphy\KS_shank1,331828470,3690,2026-03-24T22:37:24+00:00,2021-07-16T18:04:10+00:00,,132
Y:\Subjects\JRS_0004\2021-06-16\2\p1_g0\KS_postphy\KS_shank3\.phy,JRS_0004,2021-06-16,2,Y:\Subjects\JRS_0004\2021-06-16\2\p1_g0\KS_postphy\KS_shank3,311485365,3855,2026-03-24T22:41:23+00:00,2021-07-20T21:36:28+00:00,,132
Y:\Subjects\FD_011\2026-04-06\1\p0_g0_imec0\kilosort4\.phy,FD_011,2026-04-06,1,Y:\Subjects\FD_011\2026-04-06\1\p0_g0_imec0\kilosort4,300533367,786,2026-05-11T20:51:30+00:00,2026-05-11T19:57:56+00:00,,84
Y:\Subjects\SM_0006\2022-02-22\2\shank1\.phy,SM_0006,2022-02-22,2,Y:\Subjects\SM_0006\2022-02-22\2\shank1,264403110,1191,2022-07-28T03:23:45+00:00,2022-07-22T02:13:58+00:00,,1468
Y:\Subjects\JRS_0057\2026-06-04\1\kilosort4\whole_train_dredge_ks4_surface_masked\full_recording\shank_1\kilosort4\sorter_output\.phy,JRS_0057,2026-06-04,1,Y:\Subjects\JRS_0057\2026-06-04\1\kilosort4\whole_train_dredge_ks4_surface_masked\full_recording\shank_1\kilosort4\sorter_output,246284912,422,2026-07-30T22:49:17+00:00,2026-07-29T22:59:28+00:00,,4
Y:\Subjects\FD_011\2026-04-09\2\p0_g0_imec0\kilosort4\.phy,FD_011,2026-04-09,2,Y:\Subjects\FD_011\2026-04-09\2\p0_g0_imec0\kilosort4,244962475,825,2026-05-11T22:23:43+00:00,2026-05-11T22:14:29+00:00,,84
Y:\Subjects\FD_004\2025-10-22\1\p0_g0\kilosort4\.phy,FD_004,2025-10-22,1,Y:\Subjects\FD_004\2025-10-22\1\p0_g0\kilosort4,204243422,937,2025-11-03T19:34:29+00:00,2025-10-28T22:34:37+00:00,,273
Y:\Subjects\SM_0010\2022-08-13\1\shank3\.phy,SM_0010,2022-08-13,1,Y:\Subjects\SM_0010\2022-08-13\1\shank3,172913205,555,2022-10-27T23:20:51+00:00,2022-10-27T22:27:12+00:00,,1376
Y:\Subjects\ZYE_0027\2021-04-20\1\p1_g0\.phy,ZYE_0027,2021-04-20,1,Y:\Subjects\ZYE_0027\2021-04-20\1\p1_g0,148877003,1434,2021-04-20T21:32:30+00:00,2021-04-20T21:25:43+00:00,,1931
Y:\Subjects\AB_0041\2025-01-26\1\p0_g0\KS4_shnk0\sorter_output\.phy,AB_0041,2025-01-26,1,Y:\Subjects\AB_0041\2025-01-26\1\p0_g0\KS4_shnk0\sorter_output,137492828,113,2025-04-23T16:00:40+00:00,2025-04-23T15:58:12+00:00,,468
Y:\Subjects\SM_0009\2022-08-09\1\shank3\.phy,SM_0009,2022-08-09,1,Y:\Subjects\SM_0009\2022-08-09\1\shank3,134875519,844,2023-01-06T22:32:27+00:00,2023-01-06T22:10:03+00:00,,1305
Y:\Subjects\JRS_0057\2026-06-04\1\kilosort4\opto_cleaned_dredge_ks4_surface_masked\full_recording\shank_3\kilosort4\sorter_output\.phy,JRS_0057,2026-06-04,1,Y:\Subjects\JRS_0057\2026-06-04\1\kilosort4\opto_cleaned_dredge_ks4_surface_masked\full_recording\shank_3\kilosort4\sorter_output,124898118,197,2026-07-24T23:50:58+00:00,2026-07-22T20:20:04+00:00,,10
Y:\Subjects\SM_0004\2021-12-30\1\shank2\.phy,SM_0004,2021-12-30,1,Y:\Subjects\SM_0004\2021-12-30\1\shank2,121888685,423,2022-01-06T03:24:39+00:00,2022-01-06T03:13:58+00:00,,1671
Y:\Subjects\AL_0033\2025-08-08\2\ks_p1_g0\sorter_output\.phy,AL_0033,2025-08-08,2,Y:\Subjects\AL_0033\2025-08-08\2\ks_p1_g0\sorter_output,108893274,147,2025-08-18T21:06:47+00:00,2025-08-14T19:05:46+00:00,,350
Y:\Subjects\SM_0010\2022-08-13\1\shank4\.phy,SM_0010,2022-08-13,1,Y:\Subjects\SM_0010\2022-08-13\1\shank4,107790355,300,2022-11-01T02:26:40+00:00,2022-10-31T19:53:10+00:00,,1372
Y:\Subjects\AL_0033\2025-08-08\4\ks_p2_g0\sorter_output\.phy,AL_0033,2025-08-08,4,Y:\Subjects\AL_0033\2025-08-08\4\ks_p2_g0\sorter_output,105695340,1245,2026-01-14T22:52:28+00:00,2026-01-14T22:25:56+00:00,,201
Y:\Subjects\AL_0041\2026-04-15\2\p1_g0_t0.imec0\.phy,AL_0041,2026-04-15,2,Y:\Subjects\AL_0041\2026-04-15\2\p1_g0_t0.imec0,101857797,891,2026-06-06T00:57:59+00:00,2026-04-15T21:54:10+00:00,,59
Y:\Subjects\SM_0011\2022-09-03\1\shank1\.phy,SM_0011,2022-09-03,1,Y:\Subjects\SM_0011\2022-09-03\1\shank1,99057757,276,2022-11-01T17:31:51+00:00,2022-11-01T02:29:46+00:00,,1372
Y:\Subjects\DO_0011\2021-12-13\7\p0_g0\KS_shank0\.phy,DO_0011,2021-12-13,7,Y:\Subjects\DO_0011\2021-12-13\7\p0_g0\KS_shank0,87787794,875,2022-02-10T16:40:06+00:00,2022-02-10T16:37:24+00:00,,1636
Y:\Subjects\AB_0041\2025-01-24\1\p0_g0\KS4_shnk0\sorter_output\.phy,AB_0041,2025-01-24,1,Y:\Subjects\AB_0041\2025-01-24\1\p0_g0\KS4_shnk0\sorter_output,87161429,329,2025-04-23T16:07:48+00:00,2025-04-23T16:02:28+00:00,,468
Y:\Subjects\JRS_0004\2021-06-18\1\p1_g0\KS_shank0\.phy,JRS_0004,2021-06-18,1,Y:\Subjects\JRS_0004\2021-06-18\1\p1_g0\KS_shank0,82232534,639,2021-08-10T21:41:10+00:00,2021-08-10T20:39:42+00:00,,1819
Y:\Subjects\FD_013\2026-07-14\1\p0_g0_imec0\kilosort4\.phy,FD_013,2026-07-14,1,Y:\Subjects\FD_013\2026-07-14\1\p0_g0_imec0\kilosort4,81798681,50,2026-07-15T18:15:03+00:00,2026-07-15T17:14:48+00:00,,20
Y:\Subjects\FD_013\2026-06-08\1\p0_g0_imec0\kilosort4\.phy,FD_013,2026-06-08,1,Y:\Subjects\FD_013\2026-06-08\1\p0_g0_imec0\kilosort4,72661780,298,2026-06-09T20:32:54+00:00,2026-06-09T17:06:05+00:00,,55
Y:\Subjects\JRS_0025\2023-06-07\1\p0_g0\p0_g0_imec0\KS_shank0\.phy,JRS_0025,2023-06-07,1,Y:\Subjects\JRS_0025\2023-06-07\1\p0_g0\p0_g0_imec0\KS_shank0,71782700,434,2023-06-08T06:34:16+00:00,2023-06-08T06:17:35+00:00,,1153
Y:\Subjects\AB_0041\2025-01-24\1\p0_g0\KS4_shnk1\sorter_output\.phy,AB_0041,2025-01-24,1,Y:\Subjects\AB_0041\2025-01-24\1\p0_g0\KS4_shnk1\sorter_output,70606463,235,2025-04-23T16:13:22+00:00,2025-04-23T16:08:13+00:00,,468
Y:\Subjects\JRS_0005\2021-08-16\4\p0_g0\p0_g0_imec1\KS_shank0\.phy,JRS_0005,2021-08-16,4,Y:\Subjects\JRS_0005\2021-08-16\4\p0_g0\p0_g0_imec1\KS_shank0,69110256,422,2021-11-05T22:45:27+00:00,2021-11-05T21:58:06+00:00,,1732
Y:\Subjects\AB_0003\2021-05-20\1\p1_g0\KS_shank0\.phy,AB_0003,2021-05-20,1,Y:\Subjects\AB_0003\2021-05-20\1\p1_g0\KS_shank0,66715964,311,2025-04-23T15:56:48+00:00,2025-04-23T15:54:23+00:00,,468
Y:\Subjects\AB_0031\2023-11-22\1\p0_g0\KS4_shnk0\sorter_output\.phy,AB_0031,2023-11-22,1,Y:\Subjects\AB_0031\2023-11-22\1\p0_g0\KS4_shnk0\sorter_output,65780211,1200,2025-04-23T17:08:48+00:00,2025-04-23T16:23:58+00:00,,468
Y:\Subjects\JRS_0025\2023-06-07\1\p0_g0\p0_g0_imec0\KS_shank2\.phy,JRS_0025,2023-06-07,1,Y:\Subjects\JRS_0025\2023-06-07\1\p0_g0\p0_g0_imec0\KS_shank2,57747697,523,2023-06-09T18:04:40+00:00,2023-06-08T06:34:38+00:00,,1152
Y:\Subjects\SM_0007\2022-06-29\1\shank1\.phy,SM_0007,2022-06-29,1,Y:\Subjects\SM_0007\2022-06-29\1\shank1,57526968,166,2022-08-26T03:19:53+00:00,2022-07-22T02:08:07+00:00,,1439
Y:\Subjects\JRS_0022\2023-12-18\1\p0_g0\p0_g0_imec0\KS_shank2\.phy,JRS_0022,2023-12-18,1,Y:\Subjects\JRS_0022\2023-12-18\1\p0_g0\p0_g0_imec0\KS_shank2,55927514,44,2024-02-26T21:21:08+00:00,2024-02-23T22:41:06+00:00,,889
Y:\Subjects\AB_0031\2023-11-22\1\p0_g0\KS_shank0\.phy,AB_0031,2023-11-22,1,Y:\Subjects\AB_0031\2023-11-22\1\p0_g0\KS_shank0,53590372,259,2025-04-23T16:19:37+00:00,2025-04-23T16:14:20+00:00,,468
Y:\Subjects\JRS_0005\2021-07-21\1\p0_g0\p0_g0_imec0\KS_shank0\.phy,JRS_0005,2021-07-21,1,Y:\Subjects\JRS_0005\2021-07-21\1\p0_g0\p0_g0_imec0\KS_shank0,53204056,340,2021-11-05T21:19:25+00:00,2021-10-25T21:27:07+00:00,,1732
Y:\Subjects\SM_0009\2022-07-27\8\shank1\.phy,SM_0009,2022-07-27,8,Y:\Subjects\SM_0009\2022-07-27\8\shank1,53025784,314,2022-08-11T01:55:57+00:00,2022-07-28T21:42:12+00:00,,1454
Y:\Subjects\JRS_0006\2022-01-13\1\p0_g0\p0_g0_imec0\KS_shank3\.phy,JRS_0006,2022-01-13,1,Y:\Subjects\JRS_0006\2022-01-13\1\p0_g0\p0_g0_imec0\KS_shank3,49213317,183,2023-06-05T23:51:30+00:00,2023-05-06T01:15:10+00:00,,1155
Y:\Subjects\ZYE_0026\2021-04-28\1\p1_g0\.phy,ZYE_0026,2021-04-28,1,Y:\Subjects\ZYE_0026\2021-04-28\1\p1_g0,46967397,765,2021-05-05T21:04:27+00:00,2021-05-05T20:54:29+00:00,,1916
Y:\Subjects\FD_011\2026-03-03\1\p0_g0_imec0\kilosort4\.phy,FD_011,2026-03-03,1,Y:\Subjects\FD_011\2026-03-03\1\p0_g0_imec0\kilosort4,45933902,142,2026-05-28T03:11:17+00:00,2026-05-06T23:54:24+00:00,,68
Y:\Subjects\SM_0013\2022-08-26\1\shank1\.phy,SM_0013,2022-08-26,1,Y:\Subjects\SM_0013\2022-08-26\1\shank1,45492789,153,2026-04-16T20:12:24+00:00,2026-04-08T05:26:47+00:00,,109
Y:\Subjects\JRS_0006\2022-01-13\1\p0_g0\p0_g0_imec0\KS_shank0\.phy,JRS_0006,2022-01-13,1,Y:\Subjects\JRS_0006\2022-01-13\1\p0_g0\p0_g0_imec0\KS_shank0,45399450,75,2023-10-05T23:02:16+00:00,2023-10-05T20:20:48+00:00,,1033
Y:\Subjects\AB_0032\2024-08-21\7\kilosort4_output4\sorter_output\.phy,AB_0032,2024-08-21,7,Y:\Subjects\AB_0032\2024-08-21\7\kilosort4_output4\sorter_output,44934105,81,2024-08-27T23:29:59+00:00,2024-08-27T23:28:28+00:00,,706
Y:\Subjects\SM_0007\2022-06-29\1\shank4\.phy,SM_0007,2022-06-29,1,Y:\Subjects\SM_0007\2022-06-29\1\shank4,42217672,203,2022-07-28T03:24:12+00:00,2022-07-25T22:34:02+00:00,,1468
Y:\Subjects\JRS_0028\2023-08-01\1\p0_g0\p0_g0_imec0\KS_shank2\.phy,JRS_0028,2023-08-01,1,Y:\Subjects\JRS_0028\2023-08-01\1\p0_g0\p0_g0_imec0\KS_shank2,35994913,34,2023-09-11T23:18:04+00:00,2023-09-11T23:16:52+00:00,,1057
Y:\Subjects\FD_013\2026-06-12\1\p0_g0_imec0\kilosort4\.phy,FD_013,2026-06-12,1,Y:\Subjects\FD_013\2026-06-12\1\p0_g0_imec0\kilosort4,34196932,58,2026-06-30T23:12:34+00:00,2026-06-30T22:55:50+00:00,,34
Y:\Subjects\JRS_0040\2024-04-09\1\p0_g0\p0_g0_imec1\KS_shank1\.phy,JRS_0040,2024-04-09,1,Y:\Subjects\JRS_0040\2024-04-09\1\p0_g0\p0_g0_imec1\KS_shank1,32499141,45,2024-06-12T23:55:27+00:00,2024-06-12T21:44:18+00:00,,782
Y:\Subjects\FD_005\2026-02-05\1\p0_g0_imec0\ks_p0_g0_imec0\.phy,FD_005,2026-02-05,1,Y:\Subjects\FD_005\2026-02-05\1\p0_g0_imec0\ks_p0_g0_imec0,30861295,53,2026-02-25T18:56:45+00:00,2026-02-12T18:35:28+00:00,,159
Y:\Subjects\JRS_0022\2023-12-18\1\p0_g0\p0_g0_imec0\KS_shank3\.phy,JRS_0022,2023-12-18,1,Y:\Subjects\JRS_0022\2023-12-18\1\p0_g0\p0_g0_imec0\KS_shank3,27867973,659,2024-02-23T22:40:29+00:00,2024-02-23T22:10:29+00:00,,892
Y:\Subjects\JRS_0022\2023-12-18\1\p0_g0\p0_g0_imec0\KS_shank0\.phy,JRS_0022,2023-12-18,1,Y:\Subjects\JRS_0022\2023-12-18\1\p0_g0\p0_g0_imec0\KS_shank0,27491014,631,2024-02-23T18:43:38+00:00,2024-02-20T19:04:09+00:00,,892
Y:\Subjects\FD_013\2026-06-09\1\p0_g0_imec0\kilosort4\.phy,FD_013,2026-06-09,1,Y:\Subjects\FD_013\2026-06-09\1\p0_g0_imec0\kilosort4,26643626,15,2026-06-10T22:15:13+00:00,2026-06-10T20:10:17+00:00,,54
Y:\Subjects\JRS_0006\2022-01-13\1\p0_g0\p0_g0_imec1\KS_shank3\.phy,JRS_0006,2022-01-13,1,Y:\Subjects\JRS_0006\2022-01-13\1\p0_g0\p0_g0_imec1\KS_shank3,26172465,229,2023-05-09T18:51:21+00:00,2023-05-06T01:10:12+00:00,,1182
Y:\Subjects\AL_0038\2025-04-16\1\p0_g0_imec0\kilosort4_newprobemap\.phy,AL_0038,2025-04-16,1,Y:\Subjects\AL_0038\2025-04-16\1\p0_g0_imec0\kilosort4_newprobemap,26140114,82,2025-04-25T17:48:11+00:00,2025-04-18T18:28:15+00:00,,466
Y:\Subjects\JRS_0028\2023-08-01\1\p0_g0\p0_g0_imec0\KS_shank3\.phy,JRS_0028,2023-08-01,1,Y:\Subjects\JRS_0028\2023-08-01\1\p0_g0\p0_g0_imec0\KS_shank3,25077882,15,2023-09-11T23:21:07+00:00,2023-09-11T23:21:02+00:00,,1057
Y:\Subjects\AL_0013\2022-07-28\1\p0_g0_t0.imec1\.phy,AL_0013,2022-07-28,1,Y:\Subjects\AL_0013\2022-07-28\1\p0_g0_t0.imec1,24966165,59,2022-07-29T06:25:12+00:00,2022-07-29T06:20:57+00:00,,1467
Y:\Subjects\SM_0004\2021-10-20\shank3\.phy,SM_0004,2021-10-20,shank3,Y:\Subjects\SM_0004\2021-10-20\shank3,24761372,85,2022-02-17T21:35:00+00:00,2022-02-17T02:11:54+00:00,,1628
Y:\Subjects\AB_0031\2023-11-22\1\p0_g0\KS3_shnk0\.phy,AB_0031,2023-11-22,1,Y:\Subjects\AB_0031\2023-11-22\1\p0_g0\KS3_shnk0,23821191,202,2025-04-23T16:23:08+00:00,2025-04-23T16:19:59+00:00,,468
Y:\Subjects\JRS_0028\2023-08-01\1\p0_g0\p0_g0_imec1\KS_shank1\.phy,JRS_0028,2023-08-01,1,Y:\Subjects\JRS_0028\2023-08-01\1\p0_g0\p0_g0_imec1\KS_shank1,23333124,616,2023-09-12T06:22:23+00:00,2023-09-12T00:14:06+00:00,,1057
Y:\Subjects\JRS_0028\2023-08-07\1\p0_g0\p0_g0_imec1\KS_shank2\.phy,JRS_0028,2023-08-07,1,Y:\Subjects\JRS_0028\2023-08-07\1\p0_g0\p0_g0_imec1\KS_shank2,22268616,237,2023-08-09T00:04:26+00:00,2023-08-09T00:03:38+00:00,,1091
Y:\Subjects\JRS_0028\2023-08-01\1\p0_g0\p0_g0_imec0\KS_shank1\.phy,JRS_0028,2023-08-01,1,Y:\Subjects\JRS_0028\2023-08-01\1\p0_g0\p0_g0_imec0\KS_shank1,21834101,66,2023-09-12T00:13:39+00:00,2023-09-11T23:15:05+00:00,,1057
Y:\Subjects\JRS_0028\2023-08-07\1\p0_g0\p0_g0_imec1\KS_shank0\.phy,JRS_0028,2023-08-07,1,Y:\Subjects\JRS_0028\2023-08-07\1\p0_g0\p0_g0_imec1\KS_shank0,20776878,131,2024-02-20T20:00:04+00:00,2024-02-20T19:42:57+00:00,,895
Y:\Subjects\AB_0032\2024-08-21\7\p0_g0\KS3_shnk0\.phy,AB_0032,2024-08-21,7,Y:\Subjects\AB_0032\2024-08-21\7\p0_g0\KS3_shnk0,18750174,60,2024-08-27T23:27:20+00:00,2024-08-27T23:26:38+00:00,,706
Y:\Subjects\JRS_0025\2023-06-15\1\p1_g0\p1_g0_imec0\KS_shank1\.phy,JRS_0025,2023-06-15,1,Y:\Subjects\JRS_0025\2023-06-15\1\p1_g0\p1_g0_imec0\KS_shank1,17603979,223,2023-08-09T00:02:58+00:00,2023-08-07T22:21:29+00:00,,1091
Y:\Subjects\JRS_0021\2023-05-19\1\p1_g0\p1_g0_imec0\KS_shank0\.phy,JRS_0021,2023-05-19,1,Y:\Subjects\JRS_0021\2023-05-19\1\p1_g0\p1_g0_imec0\KS_shank0,17590789,213,2023-05-22T18:19:37+00:00,2023-05-20T23:10:30+00:00,,1170
Y:\Subjects\AB_0012\2021-10-20\1\p0_g0\KS_shank0\.phy,AB_0012,2021-10-20,1,Y:\Subjects\AB_0012\2021-10-20\1\p0_g0\KS_shank0,16161644,1,2021-10-20T22:42:04+00:00,2021-10-20T22:42:04+00:00,,1748
Y:\Subjects\2024NPWorkshop\largerDataset\.phy,2024NPWorkshop,largerDataset,.phy,Y:\Subjects\2024NPWorkshop\largerDataset,15820432,52,2023-06-20T18:25:33+00:00,2023-06-20T18:24:00+00:00,,1140
Y:\Subjects\JRS_0005\2021-08-16\4\p0_g0\p0_g0_imec0\KS_shank0\.phy,JRS_0005,2021-08-16,4,Y:\Subjects\JRS_0005\2021-08-16\4\p0_g0\p0_g0_imec0\KS_shank0,15237268,84,2021-09-02T21:00:30+00:00,2021-08-25T20:08:59+00:00,,1796
Y:\Subjects\AL_0041\2026-04-17\3\ks_p1_g0_v2\sorter_output\.phy,AL_0041,2026-04-17,3,Y:\Subjects\AL_0041\2026-04-17\3\ks_p1_g0_v2\sorter_output,14913681,31,2026-04-18T06:30:37+00:00,2026-04-18T06:28:06+00:00,,108
Y:\Subjects\NR_0029\2023-09-08\probe00d\.phy,NR_0029,2023-09-08,probe00d,Y:\Subjects\NR_0029\2023-09-08\probe00d,14421359,270,2023-11-21T21:57:42+00:00,2023-11-09T01:05:27+00:00,,986
Y:\Subjects\AB_0007\2021-07-14\1\p0_g0\KS_shank0\.phy,AB_0007,2021-07-14,1,Y:\Subjects\AB_0007\2021-07-14\1\p0_g0\KS_shank0,13492280,1402,2021-10-22T20:43:14+00:00,2021-10-22T20:40:25+00:00,,1746
Y:\Subjects\FD_005\2026-02-06\1\p0_g0\ks_p0_g0_imec0\.phy,FD_005,2026-02-06,1,Y:\Subjects\FD_005\2026-02-06\1\p0_g0\ks_p0_g0_imec0,12466842,1,2026-03-01T00:35:30+00:00,2026-03-01T00:35:30+00:00,,156
Y:\Subjects\AB_0003\2021-05-25\1\p1_g0\KS_shank0\.phy,AB_0003,2021-05-25,1,Y:\Subjects\AB_0003\2021-05-25\1\p1_g0\KS_shank0,11013938,15,2021-11-18T20:26:55+00:00,2021-11-18T20:25:29+00:00,,1719
Y:\Subjects\ZYE_0057\2022-02-04\1\p0_g0\p0_g0_imec0\phy_full_pattern\.phy,ZYE_0057,2022-02-04,1,Y:\Subjects\ZYE_0057\2022-02-04\1\p0_g0\p0_g0_imec0\phy_full_pattern,9851264,450,2023-03-30T17:23:16+00:00,2023-03-27T18:39:01+00:00,,1223
Y:\Subjects\JRS_0006\2021-12-23\4\p0_g0\p0_g0_imec1\KS_shank1\.phy,JRS_0006,2021-12-23,4,Y:\Subjects\JRS_0006\2021-12-23\4\p0_g0\p0_g0_imec1\KS_shank1,9254738,31,2024-04-18T22:43:00+00:00,2024-04-18T22:29:07+00:00,,837
Y:\Subjects\JRS_0028\2023-08-01\1\p0_g0\p0_g0_imec0\KS_shank0\.phy,JRS_0028,2023-08-01,1,Y:\Subjects\JRS_0028\2023-08-01\1\p0_g0\p0_g0_imec0\KS_shank0,6415409,34,2023-09-11T23:20:44+00:00,2023-09-11T23:18:20+00:00,,1057
Y:\Subjects\AB_0007\2021-07-14\1\p1_g0\KS_shank0\.phy,AB_0007,2021-07-14,1,Y:\Subjects\AB_0007\2021-07-14\1\p1_g0\KS_shank0,5049982,1,2021-10-22T20:43:39+00:00,2021-10-22T20:43:39+00:00,,1746
Y:\Subjects\AB_0012\2021-10-19\1\p0_g0\KS_shank0\.phy,AB_0012,2021-10-19,1,Y:\Subjects\AB_0012\2021-10-19\1\p0_g0\KS_shank0,2435792,15,2021-11-18T20:34:47+00:00,2021-11-18T20:27:21+00:00,,1719
